lemma,n,accuracy,f1_macro,n_errors,model,mode
free,8,0.125,0.1111111111111111,7,nvidia/NVIDIA-Nemotron-Labs-3-Puzzle-75B-A9B-NVFP4,p2
logical,5,0.2,0.16666666666666666,4,nvidia/NVIDIA-Nemotron-Labs-3-Puzzle-75B-A9B-NVFP4,p2
standard,5,0.2,0.16666666666666666,4,nvidia/NVIDIA-Nemotron-Labs-3-Puzzle-75B-A9B-NVFP4,p2
royal,5,0.2,0.16666666666666666,4,nvidia/NVIDIA-Nemotron-Labs-3-Puzzle-75B-A9B-NVFP4,p2
gay,5,0.2,0.16666666666666666,4,nvidia/NVIDIA-Nemotron-Labs-3-Puzzle-75B-A9B-NVFP4,p2
sordid,5,0.2,0.16666666666666666,4,nvidia/NVIDIA-Nemotron-Labs-3-Puzzle-75B-A9B-NVFP4,p2
dominate,5,0.2,0.16666666666666666,4,nvidia/NVIDIA-Nemotron-Labs-3-Puzzle-75B-A9B-NVFP4,p2
subdue,8,0.25,0.2,6,nvidia/NVIDIA-Nemotron-Labs-3-Puzzle-75B-A9B-NVFP4,p2
assure,7,0.2857142857142857,0.2222222222222222,5,nvidia/NVIDIA-Nemotron-Labs-3-Puzzle-75B-A9B-NVFP4,p2
string,7,0.2857142857142857,0.2222222222222222,5,nvidia/NVIDIA-Nemotron-Labs-3-Puzzle-75B-A9B-NVFP4,p2
nominate,6,0.3333333333333333,0.25,4,nvidia/NVIDIA-Nemotron-Labs-3-Puzzle-75B-A9B-NVFP4,p2
historical,6,0.3333333333333333,0.25,4,nvidia/NVIDIA-Nemotron-Labs-3-Puzzle-75B-A9B-NVFP4,p2
repeat,6,0.3333333333333333,0.25,4,nvidia/NVIDIA-Nemotron-Labs-3-Puzzle-75B-A9B-NVFP4,p2
disturb,6,0.3333333333333333,0.25,4,nvidia/NVIDIA-Nemotron-Labs-3-Puzzle-75B-A9B-NVFP4,p2
anticipation,6,0.3333333333333333,0.25,4,nvidia/NVIDIA-Nemotron-Labs-3-Puzzle-75B-A9B-NVFP4,p2
blame,6,0.3333333333333333,0.25,4,nvidia/NVIDIA-Nemotron-Labs-3-Puzzle-75B-A9B-NVFP4,p2
contribution,6,0.3333333333333333,0.25,4,nvidia/NVIDIA-Nemotron-Labs-3-Puzzle-75B-A9B-NVFP4,p2
tangible,6,0.3333333333333333,0.25,4,nvidia/NVIDIA-Nemotron-Labs-3-Puzzle-75B-A9B-NVFP4,p2
leadership,6,0.3333333333333333,0.25,4,nvidia/NVIDIA-Nemotron-Labs-3-Puzzle-75B-A9B-NVFP4,p2
stimulate,6,0.3333333333333333,0.25,4,nvidia/NVIDIA-Nemotron-Labs-3-Puzzle-75B-A9B-NVFP4,p2
blur,8,0.375,0.2727272727272727,5,nvidia/NVIDIA-Nemotron-Labs-3-Puzzle-75B-A9B-NVFP4,p2
number,5,0.4,0.2857142857142857,3,nvidia/NVIDIA-Nemotron-Labs-3-Puzzle-75B-A9B-NVFP4,p2
harness,5,0.4,0.2857142857142857,3,nvidia/NVIDIA-Nemotron-Labs-3-Puzzle-75B-A9B-NVFP4,p2
commotion,5,0.4,0.2857142857142857,3,nvidia/NVIDIA-Nemotron-Labs-3-Puzzle-75B-A9B-NVFP4,p2
drape,5,0.4,0.2857142857142857,3,nvidia/NVIDIA-Nemotron-Labs-3-Puzzle-75B-A9B-NVFP4,p2
examine,5,0.4,0.2857142857142857,3,nvidia/NVIDIA-Nemotron-Labs-3-Puzzle-75B-A9B-NVFP4,p2
ease,5,0.4,0.2857142857142857,3,nvidia/NVIDIA-Nemotron-Labs-3-Puzzle-75B-A9B-NVFP4,p2
exhaust,5,0.4,0.2857142857142857,3,nvidia/NVIDIA-Nemotron-Labs-3-Puzzle-75B-A9B-NVFP4,p2
struggle,5,0.4,0.2857142857142857,3,nvidia/NVIDIA-Nemotron-Labs-3-Puzzle-75B-A9B-NVFP4,p2
referent,5,0.4,0.2857142857142857,3,nvidia/NVIDIA-Nemotron-Labs-3-Puzzle-75B-A9B-NVFP4,p2
unlawful,5,0.4,0.2857142857142857,3,nvidia/NVIDIA-Nemotron-Labs-3-Puzzle-75B-A9B-NVFP4,p2
wealth,5,0.4,0.2857142857142857,3,nvidia/NVIDIA-Nemotron-Labs-3-Puzzle-75B-A9B-NVFP4,p2
rating,5,0.4,0.2857142857142857,3,nvidia/NVIDIA-Nemotron-Labs-3-Puzzle-75B-A9B-NVFP4,p2
derive,5,0.4,0.2857142857142857,3,nvidia/NVIDIA-Nemotron-Labs-3-Puzzle-75B-A9B-NVFP4,p2
secondary,5,0.4,0.2857142857142857,3,nvidia/NVIDIA-Nemotron-Labs-3-Puzzle-75B-A9B-NVFP4,p2
resist,5,0.4,0.2857142857142857,3,nvidia/NVIDIA-Nemotron-Labs-3-Puzzle-75B-A9B-NVFP4,p2
contribute,5,0.4,0.2857142857142857,3,nvidia/NVIDIA-Nemotron-Labs-3-Puzzle-75B-A9B-NVFP4,p2
pretense,5,0.4,0.2857142857142857,3,nvidia/NVIDIA-Nemotron-Labs-3-Puzzle-75B-A9B-NVFP4,p2
serious,5,0.4,0.2857142857142857,3,nvidia/NVIDIA-Nemotron-Labs-3-Puzzle-75B-A9B-NVFP4,p2
navigator,5,0.4,0.2857142857142857,3,nvidia/NVIDIA-Nemotron-Labs-3-Puzzle-75B-A9B-NVFP4,p2
validate,5,0.4,0.2857142857142857,3,nvidia/NVIDIA-Nemotron-Labs-3-Puzzle-75B-A9B-NVFP4,p2
speculate,5,0.4,0.2857142857142857,3,nvidia/NVIDIA-Nemotron-Labs-3-Puzzle-75B-A9B-NVFP4,p2
history,5,0.4,0.2857142857142857,3,nvidia/NVIDIA-Nemotron-Labs-3-Puzzle-75B-A9B-NVFP4,p2
homely,5,0.4,0.2857142857142857,3,nvidia/NVIDIA-Nemotron-Labs-3-Puzzle-75B-A9B-NVFP4,p2
judge,5,0.4,0.2857142857142857,3,nvidia/NVIDIA-Nemotron-Labs-3-Puzzle-75B-A9B-NVFP4,p2
timid,5,0.4,0.2857142857142857,3,nvidia/NVIDIA-Nemotron-Labs-3-Puzzle-75B-A9B-NVFP4,p2
tapestry,5,0.4,0.2857142857142857,3,nvidia/NVIDIA-Nemotron-Labs-3-Puzzle-75B-A9B-NVFP4,p2
stir_up,5,0.4,0.2857142857142857,3,nvidia/NVIDIA-Nemotron-Labs-3-Puzzle-75B-A9B-NVFP4,p2
allies,5,0.4,0.2857142857142857,3,nvidia/NVIDIA-Nemotron-Labs-3-Puzzle-75B-A9B-NVFP4,p2
suffer,7,0.42857142857142855,0.3,4,nvidia/NVIDIA-Nemotron-Labs-3-Puzzle-75B-A9B-NVFP4,p2
confine,7,0.42857142857142855,0.3,4,nvidia/NVIDIA-Nemotron-Labs-3-Puzzle-75B-A9B-NVFP4,p2
confused,7,0.42857142857142855,0.3,4,nvidia/NVIDIA-Nemotron-Labs-3-Puzzle-75B-A9B-NVFP4,p2
discover,11,0.45454545454545453,0.3125,6,nvidia/NVIDIA-Nemotron-Labs-3-Puzzle-75B-A9B-NVFP4,p2
harmonious,6,0.5,0.3333333333333333,3,nvidia/NVIDIA-Nemotron-Labs-3-Puzzle-75B-A9B-NVFP4,p2
revive,6,0.5,0.3333333333333333,3,nvidia/NVIDIA-Nemotron-Labs-3-Puzzle-75B-A9B-NVFP4,p2
indulge,6,0.5,0.3333333333333333,3,nvidia/NVIDIA-Nemotron-Labs-3-Puzzle-75B-A9B-NVFP4,p2
youth,6,0.5,0.3333333333333333,3,nvidia/NVIDIA-Nemotron-Labs-3-Puzzle-75B-A9B-NVFP4,p2
break_away,6,0.5,0.3333333333333333,3,nvidia/NVIDIA-Nemotron-Labs-3-Puzzle-75B-A9B-NVFP4,p2
drab,6,0.5,0.3333333333333333,3,nvidia/NVIDIA-Nemotron-Labs-3-Puzzle-75B-A9B-NVFP4,p2
grievance,6,0.5,0.3333333333333333,3,nvidia/NVIDIA-Nemotron-Labs-3-Puzzle-75B-A9B-NVFP4,p2
speed,8,0.5,0.3333333333333333,4,nvidia/NVIDIA-Nemotron-Labs-3-Puzzle-75B-A9B-NVFP4,p2
reconcile,6,0.5,0.3333333333333333,3,nvidia/NVIDIA-Nemotron-Labs-3-Puzzle-75B-A9B-NVFP4,p2
hoist,6,0.5,0.3333333333333333,3,nvidia/NVIDIA-Nemotron-Labs-3-Puzzle-75B-A9B-NVFP4,p2
relationship,6,0.5,0.3333333333333333,3,nvidia/NVIDIA-Nemotron-Labs-3-Puzzle-75B-A9B-NVFP4,p2
whiting,8,0.5,0.3333333333333333,4,nvidia/NVIDIA-Nemotron-Labs-3-Puzzle-75B-A9B-NVFP4,p2
ornamentation,6,0.5,0.3333333333333333,3,nvidia/NVIDIA-Nemotron-Labs-3-Puzzle-75B-A9B-NVFP4,p2
invite,10,0.5,0.3333333333333333,5,nvidia/NVIDIA-Nemotron-Labs-3-Puzzle-75B-A9B-NVFP4,p2
taxonomy,6,0.5,0.3333333333333333,3,nvidia/NVIDIA-Nemotron-Labs-3-Puzzle-75B-A9B-NVFP4,p2
vitality,6,0.5,0.3333333333333333,3,nvidia/NVIDIA-Nemotron-Labs-3-Puzzle-75B-A9B-NVFP4,p2
unify,6,0.5,0.3333333333333333,3,nvidia/NVIDIA-Nemotron-Labs-3-Puzzle-75B-A9B-NVFP4,p2
prohibition,6,0.5,0.3333333333333333,3,nvidia/NVIDIA-Nemotron-Labs-3-Puzzle-75B-A9B-NVFP4,p2
issue,6,0.5,0.3333333333333333,3,nvidia/NVIDIA-Nemotron-Labs-3-Puzzle-75B-A9B-NVFP4,p2
sacred,6,0.5,0.3333333333333333,3,nvidia/NVIDIA-Nemotron-Labs-3-Puzzle-75B-A9B-NVFP4,p2
confess,6,0.5,0.3333333333333333,3,nvidia/NVIDIA-Nemotron-Labs-3-Puzzle-75B-A9B-NVFP4,p2
hearing,6,0.5,0.3333333333333333,3,nvidia/NVIDIA-Nemotron-Labs-3-Puzzle-75B-A9B-NVFP4,p2
confusion,8,0.5,0.3333333333333333,4,nvidia/NVIDIA-Nemotron-Labs-3-Puzzle-75B-A9B-NVFP4,p2
threat,6,0.5,0.3333333333333333,3,nvidia/NVIDIA-Nemotron-Labs-3-Puzzle-75B-A9B-NVFP4,p2
trap,6,0.5,0.3333333333333333,3,nvidia/NVIDIA-Nemotron-Labs-3-Puzzle-75B-A9B-NVFP4,p2
decisively,6,0.5,0.3333333333333333,3,nvidia/NVIDIA-Nemotron-Labs-3-Puzzle-75B-A9B-NVFP4,p2
farther,8,0.5,0.3333333333333333,4,nvidia/NVIDIA-Nemotron-Labs-3-Puzzle-75B-A9B-NVFP4,p2
discount,6,0.5,0.3333333333333333,3,nvidia/NVIDIA-Nemotron-Labs-3-Puzzle-75B-A9B-NVFP4,p2
suspense,6,0.5,0.3333333333333333,3,nvidia/NVIDIA-Nemotron-Labs-3-Puzzle-75B-A9B-NVFP4,p2
unrestricted,9,0.5555555555555556,0.35714285714285715,4,nvidia/NVIDIA-Nemotron-Labs-3-Puzzle-75B-A9B-NVFP4,p2
incapable,7,0.5714285714285714,0.36363636363636365,3,nvidia/NVIDIA-Nemotron-Labs-3-Puzzle-75B-A9B-NVFP4,p2
influence,7,0.5714285714285714,0.36363636363636365,3,nvidia/NVIDIA-Nemotron-Labs-3-Puzzle-75B-A9B-NVFP4,p2
interpretation,7,0.5714285714285714,0.36363636363636365,3,nvidia/NVIDIA-Nemotron-Labs-3-Puzzle-75B-A9B-NVFP4,p2
inventory,7,0.5714285714285714,0.36363636363636365,3,nvidia/NVIDIA-Nemotron-Labs-3-Puzzle-75B-A9B-NVFP4,p2
ascend,7,0.5714285714285714,0.36363636363636365,3,nvidia/NVIDIA-Nemotron-Labs-3-Puzzle-75B-A9B-NVFP4,p2
wisdom,7,0.5714285714285714,0.36363636363636365,3,nvidia/NVIDIA-Nemotron-Labs-3-Puzzle-75B-A9B-NVFP4,p2
replace,5,0.6,0.375,2,nvidia/NVIDIA-Nemotron-Labs-3-Puzzle-75B-A9B-NVFP4,p2
repetition,5,0.6,0.375,2,nvidia/NVIDIA-Nemotron-Labs-3-Puzzle-75B-A9B-NVFP4,p2
emergence,5,0.6,0.375,2,nvidia/NVIDIA-Nemotron-Labs-3-Puzzle-75B-A9B-NVFP4,p2
loosen,5,0.6,0.375,2,nvidia/NVIDIA-Nemotron-Labs-3-Puzzle-75B-A9B-NVFP4,p2
ignorant,5,0.6,0.375,2,nvidia/NVIDIA-Nemotron-Labs-3-Puzzle-75B-A9B-NVFP4,p2
run_out,5,0.6,0.375,2,nvidia/NVIDIA-Nemotron-Labs-3-Puzzle-75B-A9B-NVFP4,p2
debate,5,0.6,0.375,2,nvidia/NVIDIA-Nemotron-Labs-3-Puzzle-75B-A9B-NVFP4,p2
affliction,5,0.6,0.375,2,nvidia/NVIDIA-Nemotron-Labs-3-Puzzle-75B-A9B-NVFP4,p2
attack,5,0.6,0.375,2,nvidia/NVIDIA-Nemotron-Labs-3-Puzzle-75B-A9B-NVFP4,p2
explanation,5,0.6,0.375,2,nvidia/NVIDIA-Nemotron-Labs-3-Puzzle-75B-A9B-NVFP4,p2
significantly,5,0.6,0.375,2,nvidia/NVIDIA-Nemotron-Labs-3-Puzzle-75B-A9B-NVFP4,p2
limitation,5,0.6,0.375,2,nvidia/NVIDIA-Nemotron-Labs-3-Puzzle-75B-A9B-NVFP4,p2
justification,5,0.6,0.375,2,nvidia/NVIDIA-Nemotron-Labs-3-Puzzle-75B-A9B-NVFP4,p2
starve,5,0.6,0.375,2,nvidia/NVIDIA-Nemotron-Labs-3-Puzzle-75B-A9B-NVFP4,p2
headquarters,5,0.6,0.375,2,nvidia/NVIDIA-Nemotron-Labs-3-Puzzle-75B-A9B-NVFP4,p2
schedule,5,0.6,0.375,2,nvidia/NVIDIA-Nemotron-Labs-3-Puzzle-75B-A9B-NVFP4,p2
session,5,0.6,0.375,2,nvidia/NVIDIA-Nemotron-Labs-3-Puzzle-75B-A9B-NVFP4,p2
decomposition,5,0.6,0.375,2,nvidia/NVIDIA-Nemotron-Labs-3-Puzzle-75B-A9B-NVFP4,p2
rebel,5,0.6,0.375,2,nvidia/NVIDIA-Nemotron-Labs-3-Puzzle-75B-A9B-NVFP4,p2
critic,5,0.6,0.375,2,nvidia/NVIDIA-Nemotron-Labs-3-Puzzle-75B-A9B-NVFP4,p2
copy,5,0.6,0.375,2,nvidia/NVIDIA-Nemotron-Labs-3-Puzzle-75B-A9B-NVFP4,p2
restrict,5,0.6,0.375,2,nvidia/NVIDIA-Nemotron-Labs-3-Puzzle-75B-A9B-NVFP4,p2
corresponding,5,0.6,0.375,2,nvidia/NVIDIA-Nemotron-Labs-3-Puzzle-75B-A9B-NVFP4,p2
transmit,5,0.6,0.375,2,nvidia/NVIDIA-Nemotron-Labs-3-Puzzle-75B-A9B-NVFP4,p2
intangible,5,0.6,0.375,2,nvidia/NVIDIA-Nemotron-Labs-3-Puzzle-75B-A9B-NVFP4,p2
patrol,5,0.6,0.375,2,nvidia/NVIDIA-Nemotron-Labs-3-Puzzle-75B-A9B-NVFP4,p2
replacement,8,0.625,0.38461538461538464,3,nvidia/NVIDIA-Nemotron-Labs-3-Puzzle-75B-A9B-NVFP4,p2
vary,6,0.6666666666666666,0.4,2,nvidia/NVIDIA-Nemotron-Labs-3-Puzzle-75B-A9B-NVFP4,p2
shorten,6,0.6666666666666666,0.4,2,nvidia/NVIDIA-Nemotron-Labs-3-Puzzle-75B-A9B-NVFP4,p2
display,5,0.4,0.4,3,nvidia/NVIDIA-Nemotron-Labs-3-Puzzle-75B-A9B-NVFP4,p2
increase,6,0.6666666666666666,0.4,2,nvidia/NVIDIA-Nemotron-Labs-3-Puzzle-75B-A9B-NVFP4,p2
reward,5,0.4,0.4,3,nvidia/NVIDIA-Nemotron-Labs-3-Puzzle-75B-A9B-NVFP4,p2
review,9,0.6666666666666666,0.4,3,nvidia/NVIDIA-Nemotron-Labs-3-Puzzle-75B-A9B-NVFP4,p2
plain,5,0.4,0.4,3,nvidia/NVIDIA-Nemotron-Labs-3-Puzzle-75B-A9B-NVFP4,p2
defect,6,0.6666666666666666,0.4,2,nvidia/NVIDIA-Nemotron-Labs-3-Puzzle-75B-A9B-NVFP4,p2
outburst,5,0.4,0.4,3,nvidia/NVIDIA-Nemotron-Labs-3-Puzzle-75B-A9B-NVFP4,p2
profess,5,0.4,0.4,3,nvidia/NVIDIA-Nemotron-Labs-3-Puzzle-75B-A9B-NVFP4,p2
splash,11,0.45454545454545453,0.4107142857142857,6,nvidia/NVIDIA-Nemotron-Labs-3-Puzzle-75B-A9B-NVFP4,p2
guarantee,11,0.45454545454545453,0.4107142857142857,6,nvidia/NVIDIA-Nemotron-Labs-3-Puzzle-75B-A9B-NVFP4,p2
access,9,0.4444444444444444,0.41558441558441556,5,nvidia/NVIDIA-Nemotron-Labs-3-Puzzle-75B-A9B-NVFP4,p2
manage,9,0.4444444444444444,0.41558441558441556,5,nvidia/NVIDIA-Nemotron-Labs-3-Puzzle-75B-A9B-NVFP4,p2
flow,7,0.42857142857142855,0.41666666666666663,4,nvidia/NVIDIA-Nemotron-Labs-3-Puzzle-75B-A9B-NVFP4,p2
falsify,7,0.42857142857142855,0.41666666666666663,4,nvidia/NVIDIA-Nemotron-Labs-3-Puzzle-75B-A9B-NVFP4,p2
indifferent,7,0.42857142857142855,0.41666666666666663,4,nvidia/NVIDIA-Nemotron-Labs-3-Puzzle-75B-A9B-NVFP4,p2
confrontation,7,0.42857142857142855,0.41666666666666663,4,nvidia/NVIDIA-Nemotron-Labs-3-Puzzle-75B-A9B-NVFP4,p2
neglect,7,0.7142857142857143,0.4166666666666667,2,nvidia/NVIDIA-Nemotron-Labs-3-Puzzle-75B-A9B-NVFP4,p2
domestic,5,0.8,0.4444444444444444,1,nvidia/NVIDIA-Nemotron-Labs-3-Puzzle-75B-A9B-NVFP4,p2
harbor,5,0.8,0.4444444444444444,1,nvidia/NVIDIA-Nemotron-Labs-3-Puzzle-75B-A9B-NVFP4,p2
thread,5,0.8,0.4444444444444444,1,nvidia/NVIDIA-Nemotron-Labs-3-Puzzle-75B-A9B-NVFP4,p2
unite,5,0.8,0.4444444444444444,1,nvidia/NVIDIA-Nemotron-Labs-3-Puzzle-75B-A9B-NVFP4,p2
take_over,10,0.5,0.45054945054945056,5,nvidia/NVIDIA-Nemotron-Labs-3-Puzzle-75B-A9B-NVFP4,p2
distortion,6,0.8333333333333334,0.45454545454545453,1,nvidia/NVIDIA-Nemotron-Labs-3-Puzzle-75B-A9B-NVFP4,p2
plug,6,0.8333333333333334,0.45454545454545453,1,nvidia/NVIDIA-Nemotron-Labs-3-Puzzle-75B-A9B-NVFP4,p2
burst,8,0.5,0.4666666666666667,4,nvidia/NVIDIA-Nemotron-Labs-3-Puzzle-75B-A9B-NVFP4,p2
interior,8,0.5,0.4666666666666667,4,nvidia/NVIDIA-Nemotron-Labs-3-Puzzle-75B-A9B-NVFP4,p2
hack,8,0.5,0.4666666666666667,4,nvidia/NVIDIA-Nemotron-Labs-3-Puzzle-75B-A9B-NVFP4,p2
conventional,8,0.5,0.4666666666666667,4,nvidia/NVIDIA-Nemotron-Labs-3-Puzzle-75B-A9B-NVFP4,p2
spray,11,0.5454545454545454,0.47619047619047616,5,nvidia/NVIDIA-Nemotron-Labs-3-Puzzle-75B-A9B-NVFP4,p2
diverge,6,0.5,0.4857142857142857,3,nvidia/NVIDIA-Nemotron-Labs-3-Puzzle-75B-A9B-NVFP4,p2
fearful,6,0.5,0.4857142857142857,3,nvidia/NVIDIA-Nemotron-Labs-3-Puzzle-75B-A9B-NVFP4,p2
observation,6,0.5,0.4857142857142857,3,nvidia/NVIDIA-Nemotron-Labs-3-Puzzle-75B-A9B-NVFP4,p2
rush,6,0.5,0.4857142857142857,3,nvidia/NVIDIA-Nemotron-Labs-3-Puzzle-75B-A9B-NVFP4,p2
middle,6,0.5,0.4857142857142857,3,nvidia/NVIDIA-Nemotron-Labs-3-Puzzle-75B-A9B-NVFP4,p2
crossing,6,0.5,0.4857142857142857,3,nvidia/NVIDIA-Nemotron-Labs-3-Puzzle-75B-A9B-NVFP4,p2
slow_down,6,0.5,0.4857142857142857,3,nvidia/NVIDIA-Nemotron-Labs-3-Puzzle-75B-A9B-NVFP4,p2
spice,6,0.5,0.4857142857142857,3,nvidia/NVIDIA-Nemotron-Labs-3-Puzzle-75B-A9B-NVFP4,p2
spiritual,6,0.5,0.4857142857142857,3,nvidia/NVIDIA-Nemotron-Labs-3-Puzzle-75B-A9B-NVFP4,p2
launch,6,0.5,0.4857142857142857,3,nvidia/NVIDIA-Nemotron-Labs-3-Puzzle-75B-A9B-NVFP4,p2
lighting,6,0.5,0.4857142857142857,3,nvidia/NVIDIA-Nemotron-Labs-3-Puzzle-75B-A9B-NVFP4,p2
warmth,6,0.5,0.4857142857142857,3,nvidia/NVIDIA-Nemotron-Labs-3-Puzzle-75B-A9B-NVFP4,p2
aim,6,0.5,0.4857142857142857,3,nvidia/NVIDIA-Nemotron-Labs-3-Puzzle-75B-A9B-NVFP4,p2
oppose,8,0.5,0.5,4,nvidia/NVIDIA-Nemotron-Labs-3-Puzzle-75B-A9B-NVFP4,p2
modest,8,0.5,0.5,4,nvidia/NVIDIA-Nemotron-Labs-3-Puzzle-75B-A9B-NVFP4,p2
tempt,10,0.6,0.5238095238095238,4,nvidia/NVIDIA-Nemotron-Labs-3-Puzzle-75B-A9B-NVFP4,p2
introduce,11,0.5454545454545454,0.5299145299145299,5,nvidia/NVIDIA-Nemotron-Labs-3-Puzzle-75B-A9B-NVFP4,p2
toss,7,0.5714285714285714,0.5333333333333333,3,nvidia/NVIDIA-Nemotron-Labs-3-Puzzle-75B-A9B-NVFP4,p2
introduction,7,0.5714285714285714,0.5333333333333333,3,nvidia/NVIDIA-Nemotron-Labs-3-Puzzle-75B-A9B-NVFP4,p2
mission,7,0.5714285714285714,0.5333333333333333,3,nvidia/NVIDIA-Nemotron-Labs-3-Puzzle-75B-A9B-NVFP4,p2
deliberation,7,0.5714285714285714,0.5333333333333333,3,nvidia/NVIDIA-Nemotron-Labs-3-Puzzle-75B-A9B-NVFP4,p2
initiate,7,0.5714285714285714,0.5333333333333333,3,nvidia/NVIDIA-Nemotron-Labs-3-Puzzle-75B-A9B-NVFP4,p2
snarl,7,0.5714285714285714,0.5333333333333333,3,nvidia/NVIDIA-Nemotron-Labs-3-Puzzle-75B-A9B-NVFP4,p2
heighten,7,0.5714285714285714,0.5333333333333333,3,nvidia/NVIDIA-Nemotron-Labs-3-Puzzle-75B-A9B-NVFP4,p2
emerge,7,0.5714285714285714,0.5333333333333333,3,nvidia/NVIDIA-Nemotron-Labs-3-Puzzle-75B-A9B-NVFP4,p2
cycle,7,0.5714285714285714,0.5333333333333333,3,nvidia/NVIDIA-Nemotron-Labs-3-Puzzle-75B-A9B-NVFP4,p2
acknowledge,7,0.5714285714285714,0.5333333333333333,3,nvidia/NVIDIA-Nemotron-Labs-3-Puzzle-75B-A9B-NVFP4,p2
shock,7,0.5714285714285714,0.5333333333333333,3,nvidia/NVIDIA-Nemotron-Labs-3-Puzzle-75B-A9B-NVFP4,p2
duplicate,7,0.5714285714285714,0.5333333333333333,3,nvidia/NVIDIA-Nemotron-Labs-3-Puzzle-75B-A9B-NVFP4,p2
dedication,7,0.5714285714285714,0.5333333333333333,3,nvidia/NVIDIA-Nemotron-Labs-3-Puzzle-75B-A9B-NVFP4,p2
loss,9,0.5555555555555556,0.55,4,nvidia/NVIDIA-Nemotron-Labs-3-Puzzle-75B-A9B-NVFP4,p2
lapse,9,0.5555555555555556,0.55,4,nvidia/NVIDIA-Nemotron-Labs-3-Puzzle-75B-A9B-NVFP4,p2
lost,12,0.5833333333333334,0.5555555555555556,5,nvidia/NVIDIA-Nemotron-Labs-3-Puzzle-75B-A9B-NVFP4,p2
hover,8,0.625,0.5636363636363637,3,nvidia/NVIDIA-Nemotron-Labs-3-Puzzle-75B-A9B-NVFP4,p2
specify,8,0.625,0.5636363636363637,3,nvidia/NVIDIA-Nemotron-Labs-3-Puzzle-75B-A9B-NVFP4,p2
assignment,8,0.625,0.5636363636363637,3,nvidia/NVIDIA-Nemotron-Labs-3-Puzzle-75B-A9B-NVFP4,p2
conformity,8,0.625,0.5636363636363637,3,nvidia/NVIDIA-Nemotron-Labs-3-Puzzle-75B-A9B-NVFP4,p2
purge,8,0.625,0.5636363636363637,3,nvidia/NVIDIA-Nemotron-Labs-3-Puzzle-75B-A9B-NVFP4,p2
perch,8,0.625,0.5636363636363637,3,nvidia/NVIDIA-Nemotron-Labs-3-Puzzle-75B-A9B-NVFP4,p2
expand,7,0.5714285714285714,0.5714285714285714,3,nvidia/NVIDIA-Nemotron-Labs-3-Puzzle-75B-A9B-NVFP4,p2
precious,7,0.5714285714285714,0.5714285714285714,3,nvidia/NVIDIA-Nemotron-Labs-3-Puzzle-75B-A9B-NVFP4,p2
sacrifice,7,0.5714285714285714,0.5714285714285714,3,nvidia/NVIDIA-Nemotron-Labs-3-Puzzle-75B-A9B-NVFP4,p2
passing,7,0.5714285714285714,0.5714285714285714,3,nvidia/NVIDIA-Nemotron-Labs-3-Puzzle-75B-A9B-NVFP4,p2
flood,12,0.5833333333333334,0.5804195804195804,5,nvidia/NVIDIA-Nemotron-Labs-3-Puzzle-75B-A9B-NVFP4,p2
down,5,0.6,0.5833333333333333,2,nvidia/NVIDIA-Nemotron-Labs-3-Puzzle-75B-A9B-NVFP4,p2
dullness,5,0.6,0.5833333333333333,2,nvidia/NVIDIA-Nemotron-Labs-3-Puzzle-75B-A9B-NVFP4,p2
firmly,5,0.6,0.5833333333333333,2,nvidia/NVIDIA-Nemotron-Labs-3-Puzzle-75B-A9B-NVFP4,p2
indent,5,0.6,0.5833333333333333,2,nvidia/NVIDIA-Nemotron-Labs-3-Puzzle-75B-A9B-NVFP4,p2
combine,5,0.6,0.5833333333333333,2,nvidia/NVIDIA-Nemotron-Labs-3-Puzzle-75B-A9B-NVFP4,p2
fissure,5,0.6,0.5833333333333333,2,nvidia/NVIDIA-Nemotron-Labs-3-Puzzle-75B-A9B-NVFP4,p2
roar,5,0.6,0.5833333333333333,2,nvidia/NVIDIA-Nemotron-Labs-3-Puzzle-75B-A9B-NVFP4,p2
cut_short,5,0.6,0.5833333333333333,2,nvidia/NVIDIA-Nemotron-Labs-3-Puzzle-75B-A9B-NVFP4,p2
frost,5,0.6,0.5833333333333333,2,nvidia/NVIDIA-Nemotron-Labs-3-Puzzle-75B-A9B-NVFP4,p2
globe,5,0.6,0.5833333333333333,2,nvidia/NVIDIA-Nemotron-Labs-3-Puzzle-75B-A9B-NVFP4,p2
give_up,10,0.6,0.5833333333333333,4,nvidia/NVIDIA-Nemotron-Labs-3-Puzzle-75B-A9B-NVFP4,p2
poise,5,0.6,0.5833333333333333,2,nvidia/NVIDIA-Nemotron-Labs-3-Puzzle-75B-A9B-NVFP4,p2
rim,5,0.6,0.5833333333333333,2,nvidia/NVIDIA-Nemotron-Labs-3-Puzzle-75B-A9B-NVFP4,p2
romantic,5,0.6,0.5833333333333333,2,nvidia/NVIDIA-Nemotron-Labs-3-Puzzle-75B-A9B-NVFP4,p2
neutralize,5,0.6,0.5833333333333333,2,nvidia/NVIDIA-Nemotron-Labs-3-Puzzle-75B-A9B-NVFP4,p2
inheritance,5,0.6,0.5833333333333333,2,nvidia/NVIDIA-Nemotron-Labs-3-Puzzle-75B-A9B-NVFP4,p2
paternal,5,0.6,0.5833333333333333,2,nvidia/NVIDIA-Nemotron-Labs-3-Puzzle-75B-A9B-NVFP4,p2
contrary,5,0.6,0.5833333333333333,2,nvidia/NVIDIA-Nemotron-Labs-3-Puzzle-75B-A9B-NVFP4,p2
pepper,5,0.6,0.5833333333333333,2,nvidia/NVIDIA-Nemotron-Labs-3-Puzzle-75B-A9B-NVFP4,p2
median,5,0.6,0.5833333333333333,2,nvidia/NVIDIA-Nemotron-Labs-3-Puzzle-75B-A9B-NVFP4,p2
through,5,0.6,0.5833333333333333,2,nvidia/NVIDIA-Nemotron-Labs-3-Puzzle-75B-A9B-NVFP4,p2
cleavage,5,0.6,0.5833333333333333,2,nvidia/NVIDIA-Nemotron-Labs-3-Puzzle-75B-A9B-NVFP4,p2
pride,5,0.6,0.5833333333333333,2,nvidia/NVIDIA-Nemotron-Labs-3-Puzzle-75B-A9B-NVFP4,p2
cut_out,5,0.6,0.5833333333333333,2,nvidia/NVIDIA-Nemotron-Labs-3-Puzzle-75B-A9B-NVFP4,p2
extreme,10,0.6,0.5833333333333333,4,nvidia/NVIDIA-Nemotron-Labs-3-Puzzle-75B-A9B-NVFP4,p2
seeded,5,0.6,0.5833333333333333,2,nvidia/NVIDIA-Nemotron-Labs-3-Puzzle-75B-A9B-NVFP4,p2
journal,5,0.6,0.5833333333333333,2,nvidia/NVIDIA-Nemotron-Labs-3-Puzzle-75B-A9B-NVFP4,p2
saturation,5,0.6,0.5833333333333333,2,nvidia/NVIDIA-Nemotron-Labs-3-Puzzle-75B-A9B-NVFP4,p2
invade,5,0.6,0.5833333333333333,2,nvidia/NVIDIA-Nemotron-Labs-3-Puzzle-75B-A9B-NVFP4,p2
acquaintance,5,0.6,0.5833333333333333,2,nvidia/NVIDIA-Nemotron-Labs-3-Puzzle-75B-A9B-NVFP4,p2
addition,5,0.6,0.5833333333333333,2,nvidia/NVIDIA-Nemotron-Labs-3-Puzzle-75B-A9B-NVFP4,p2
hours,5,0.6,0.5833333333333333,2,nvidia/NVIDIA-Nemotron-Labs-3-Puzzle-75B-A9B-NVFP4,p2
cabinet,5,0.6,0.5833333333333333,2,nvidia/NVIDIA-Nemotron-Labs-3-Puzzle-75B-A9B-NVFP4,p2
storm,5,0.6,0.5833333333333333,2,nvidia/NVIDIA-Nemotron-Labs-3-Puzzle-75B-A9B-NVFP4,p2
border,5,0.6,0.5833333333333333,2,nvidia/NVIDIA-Nemotron-Labs-3-Puzzle-75B-A9B-NVFP4,p2
celebrate,5,0.6,0.5833333333333333,2,nvidia/NVIDIA-Nemotron-Labs-3-Puzzle-75B-A9B-NVFP4,p2
learned,5,0.6,0.5833333333333333,2,nvidia/NVIDIA-Nemotron-Labs-3-Puzzle-75B-A9B-NVFP4,p2
attest,5,0.6,0.5833333333333333,2,nvidia/NVIDIA-Nemotron-Labs-3-Puzzle-75B-A9B-NVFP4,p2
organize,5,0.6,0.5833333333333333,2,nvidia/NVIDIA-Nemotron-Labs-3-Puzzle-75B-A9B-NVFP4,p2
concealment,5,0.6,0.5833333333333333,2,nvidia/NVIDIA-Nemotron-Labs-3-Puzzle-75B-A9B-NVFP4,p2
cortex,5,0.6,0.5833333333333333,2,nvidia/NVIDIA-Nemotron-Labs-3-Puzzle-75B-A9B-NVFP4,p2
consolidate,5,0.6,0.5833333333333333,2,nvidia/NVIDIA-Nemotron-Labs-3-Puzzle-75B-A9B-NVFP4,p2
irony,5,0.6,0.5833333333333333,2,nvidia/NVIDIA-Nemotron-Labs-3-Puzzle-75B-A9B-NVFP4,p2
switch,5,0.6,0.5833333333333333,2,nvidia/NVIDIA-Nemotron-Labs-3-Puzzle-75B-A9B-NVFP4,p2
bless,5,0.6,0.5833333333333333,2,nvidia/NVIDIA-Nemotron-Labs-3-Puzzle-75B-A9B-NVFP4,p2
truth,5,0.6,0.5833333333333333,2,nvidia/NVIDIA-Nemotron-Labs-3-Puzzle-75B-A9B-NVFP4,p2
wheel,5,0.6,0.5833333333333333,2,nvidia/NVIDIA-Nemotron-Labs-3-Puzzle-75B-A9B-NVFP4,p2
quietly,5,0.6,0.5833333333333333,2,nvidia/NVIDIA-Nemotron-Labs-3-Puzzle-75B-A9B-NVFP4,p2
set_off,9,0.6666666666666666,0.5846153846153846,3,nvidia/NVIDIA-Nemotron-Labs-3-Puzzle-75B-A9B-NVFP4,p2
accommodate,9,0.6666666666666666,0.5846153846153846,3,nvidia/NVIDIA-Nemotron-Labs-3-Puzzle-75B-A9B-NVFP4,p2
hold_up,9,0.6666666666666666,0.5846153846153846,3,nvidia/NVIDIA-Nemotron-Labs-3-Puzzle-75B-A9B-NVFP4,p2
support,14,0.6428571428571429,0.5906432748538011,5,nvidia/NVIDIA-Nemotron-Labs-3-Puzzle-75B-A9B-NVFP4,p2
smash,10,0.6,0.6,4,nvidia/NVIDIA-Nemotron-Labs-3-Puzzle-75B-A9B-NVFP4,p2
rest,10,0.6,0.6,4,nvidia/NVIDIA-Nemotron-Labs-3-Puzzle-75B-A9B-NVFP4,p2
suffocate,11,0.6363636363636364,0.6071428571428572,4,nvidia/NVIDIA-Nemotron-Labs-3-Puzzle-75B-A9B-NVFP4,p2
interference,8,0.625,0.6190476190476191,3,nvidia/NVIDIA-Nemotron-Labs-3-Puzzle-75B-A9B-NVFP4,p2
manipulate,8,0.625,0.6190476190476191,3,nvidia/NVIDIA-Nemotron-Labs-3-Puzzle-75B-A9B-NVFP4,p2
graphic,8,0.625,0.6190476190476191,3,nvidia/NVIDIA-Nemotron-Labs-3-Puzzle-75B-A9B-NVFP4,p2
personally,8,0.625,0.6190476190476191,3,nvidia/NVIDIA-Nemotron-Labs-3-Puzzle-75B-A9B-NVFP4,p2
agitate,8,0.625,0.6190476190476191,3,nvidia/NVIDIA-Nemotron-Labs-3-Puzzle-75B-A9B-NVFP4,p2
take_away,8,0.625,0.6190476190476191,3,nvidia/NVIDIA-Nemotron-Labs-3-Puzzle-75B-A9B-NVFP4,p2
condense,8,0.625,0.6190476190476191,3,nvidia/NVIDIA-Nemotron-Labs-3-Puzzle-75B-A9B-NVFP4,p2
offensive,8,0.625,0.6190476190476191,3,nvidia/NVIDIA-Nemotron-Labs-3-Puzzle-75B-A9B-NVFP4,p2
perception,8,0.625,0.6190476190476191,3,nvidia/NVIDIA-Nemotron-Labs-3-Puzzle-75B-A9B-NVFP4,p2
radiate,8,0.625,0.6190476190476191,3,nvidia/NVIDIA-Nemotron-Labs-3-Puzzle-75B-A9B-NVFP4,p2
structural,8,0.625,0.6190476190476191,3,nvidia/NVIDIA-Nemotron-Labs-3-Puzzle-75B-A9B-NVFP4,p2
tolerant,6,0.6666666666666666,0.625,2,nvidia/NVIDIA-Nemotron-Labs-3-Puzzle-75B-A9B-NVFP4,p2
climax,6,0.6666666666666666,0.625,2,nvidia/NVIDIA-Nemotron-Labs-3-Puzzle-75B-A9B-NVFP4,p2
recess,6,0.6666666666666666,0.625,2,nvidia/NVIDIA-Nemotron-Labs-3-Puzzle-75B-A9B-NVFP4,p2
dimension,6,0.6666666666666666,0.625,2,nvidia/NVIDIA-Nemotron-Labs-3-Puzzle-75B-A9B-NVFP4,p2
disregard,6,0.6666666666666666,0.625,2,nvidia/NVIDIA-Nemotron-Labs-3-Puzzle-75B-A9B-NVFP4,p2
president,6,0.6666666666666666,0.625,2,nvidia/NVIDIA-Nemotron-Labs-3-Puzzle-75B-A9B-NVFP4,p2
fury,6,0.6666666666666666,0.625,2,nvidia/NVIDIA-Nemotron-Labs-3-Puzzle-75B-A9B-NVFP4,p2
dampen,6,0.6666666666666666,0.625,2,nvidia/NVIDIA-Nemotron-Labs-3-Puzzle-75B-A9B-NVFP4,p2
scallop,6,0.6666666666666666,0.625,2,nvidia/NVIDIA-Nemotron-Labs-3-Puzzle-75B-A9B-NVFP4,p2
output,6,0.6666666666666666,0.625,2,nvidia/NVIDIA-Nemotron-Labs-3-Puzzle-75B-A9B-NVFP4,p2
initiation,6,0.6666666666666666,0.625,2,nvidia/NVIDIA-Nemotron-Labs-3-Puzzle-75B-A9B-NVFP4,p2
resolve,6,0.6666666666666666,0.625,2,nvidia/NVIDIA-Nemotron-Labs-3-Puzzle-75B-A9B-NVFP4,p2
cult,6,0.6666666666666666,0.625,2,nvidia/NVIDIA-Nemotron-Labs-3-Puzzle-75B-A9B-NVFP4,p2
speculation,6,0.6666666666666666,0.625,2,nvidia/NVIDIA-Nemotron-Labs-3-Puzzle-75B-A9B-NVFP4,p2
administer,6,0.6666666666666666,0.625,2,nvidia/NVIDIA-Nemotron-Labs-3-Puzzle-75B-A9B-NVFP4,p2
lieutenant,6,0.6666666666666666,0.625,2,nvidia/NVIDIA-Nemotron-Labs-3-Puzzle-75B-A9B-NVFP4,p2
passion,6,0.6666666666666666,0.625,2,nvidia/NVIDIA-Nemotron-Labs-3-Puzzle-75B-A9B-NVFP4,p2
theme,6,0.6666666666666666,0.625,2,nvidia/NVIDIA-Nemotron-Labs-3-Puzzle-75B-A9B-NVFP4,p2
mortal,6,0.6666666666666666,0.625,2,nvidia/NVIDIA-Nemotron-Labs-3-Puzzle-75B-A9B-NVFP4,p2
mold,6,0.6666666666666666,0.625,2,nvidia/NVIDIA-Nemotron-Labs-3-Puzzle-75B-A9B-NVFP4,p2
come_on,6,0.6666666666666666,0.625,2,nvidia/NVIDIA-Nemotron-Labs-3-Puzzle-75B-A9B-NVFP4,p2
Edward,6,0.6666666666666666,0.625,2,nvidia/NVIDIA-Nemotron-Labs-3-Puzzle-75B-A9B-NVFP4,p2
hop,6,0.6666666666666666,0.625,2,nvidia/NVIDIA-Nemotron-Labs-3-Puzzle-75B-A9B-NVFP4,p2
surmount,6,0.6666666666666666,0.625,2,nvidia/NVIDIA-Nemotron-Labs-3-Puzzle-75B-A9B-NVFP4,p2
swing,6,0.6666666666666666,0.625,2,nvidia/NVIDIA-Nemotron-Labs-3-Puzzle-75B-A9B-NVFP4,p2
absolute,6,0.6666666666666666,0.625,2,nvidia/NVIDIA-Nemotron-Labs-3-Puzzle-75B-A9B-NVFP4,p2
deep,11,0.6363636363636364,0.6333333333333333,4,nvidia/NVIDIA-Nemotron-Labs-3-Puzzle-75B-A9B-NVFP4,p2
yield,14,0.6428571428571429,0.641025641025641,5,nvidia/NVIDIA-Nemotron-Labs-3-Puzzle-75B-A9B-NVFP4,p2
withdraw,15,0.6666666666666666,0.6411483253588517,5,nvidia/NVIDIA-Nemotron-Labs-3-Puzzle-75B-A9B-NVFP4,p2
excite,9,0.6666666666666666,0.6493506493506493,3,nvidia/NVIDIA-Nemotron-Labs-3-Puzzle-75B-A9B-NVFP4,p2
fusion,9,0.6666666666666666,0.6493506493506493,3,nvidia/NVIDIA-Nemotron-Labs-3-Puzzle-75B-A9B-NVFP4,p2
disappearance,7,0.7142857142857143,0.65,2,nvidia/NVIDIA-Nemotron-Labs-3-Puzzle-75B-A9B-NVFP4,p2
regenerate,7,0.7142857142857143,0.65,2,nvidia/NVIDIA-Nemotron-Labs-3-Puzzle-75B-A9B-NVFP4,p2
critical,7,0.7142857142857143,0.65,2,nvidia/NVIDIA-Nemotron-Labs-3-Puzzle-75B-A9B-NVFP4,p2
deaden,7,0.7142857142857143,0.65,2,nvidia/NVIDIA-Nemotron-Labs-3-Puzzle-75B-A9B-NVFP4,p2
awkward,7,0.7142857142857143,0.65,2,nvidia/NVIDIA-Nemotron-Labs-3-Puzzle-75B-A9B-NVFP4,p2
concede,7,0.7142857142857143,0.65,2,nvidia/NVIDIA-Nemotron-Labs-3-Puzzle-75B-A9B-NVFP4,p2
continental,7,0.7142857142857143,0.65,2,nvidia/NVIDIA-Nemotron-Labs-3-Puzzle-75B-A9B-NVFP4,p2
bass,7,0.7142857142857143,0.65,2,nvidia/NVIDIA-Nemotron-Labs-3-Puzzle-75B-A9B-NVFP4,p2
trough,7,0.7142857142857143,0.65,2,nvidia/NVIDIA-Nemotron-Labs-3-Puzzle-75B-A9B-NVFP4,p2
library,7,0.7142857142857143,0.65,2,nvidia/NVIDIA-Nemotron-Labs-3-Puzzle-75B-A9B-NVFP4,p2
structure,7,0.7142857142857143,0.65,2,nvidia/NVIDIA-Nemotron-Labs-3-Puzzle-75B-A9B-NVFP4,p2
mail,7,0.7142857142857143,0.65,2,nvidia/NVIDIA-Nemotron-Labs-3-Puzzle-75B-A9B-NVFP4,p2
discretion,7,0.7142857142857143,0.65,2,nvidia/NVIDIA-Nemotron-Labs-3-Puzzle-75B-A9B-NVFP4,p2
pop,12,0.6666666666666666,0.6571428571428571,4,nvidia/NVIDIA-Nemotron-Labs-3-Puzzle-75B-A9B-NVFP4,p2
strip,15,0.6666666666666666,0.660633484162896,5,nvidia/NVIDIA-Nemotron-Labs-3-Puzzle-75B-A9B-NVFP4,p2
choke,15,0.6666666666666666,0.660633484162896,5,nvidia/NVIDIA-Nemotron-Labs-3-Puzzle-75B-A9B-NVFP4,p2
thickened,6,0.6666666666666666,0.6666666666666666,2,nvidia/NVIDIA-Nemotron-Labs-3-Puzzle-75B-A9B-NVFP4,p2
failure,6,0.6666666666666666,0.6666666666666666,2,nvidia/NVIDIA-Nemotron-Labs-3-Puzzle-75B-A9B-NVFP4,p2
conjunction,6,0.6666666666666666,0.6666666666666666,2,nvidia/NVIDIA-Nemotron-Labs-3-Puzzle-75B-A9B-NVFP4,p2
minister,6,0.6666666666666666,0.6666666666666666,2,nvidia/NVIDIA-Nemotron-Labs-3-Puzzle-75B-A9B-NVFP4,p2
chad,6,0.6666666666666666,0.6666666666666666,2,nvidia/NVIDIA-Nemotron-Labs-3-Puzzle-75B-A9B-NVFP4,p2
role,6,0.6666666666666666,0.6666666666666666,2,nvidia/NVIDIA-Nemotron-Labs-3-Puzzle-75B-A9B-NVFP4,p2
seize,9,0.6666666666666666,0.6666666666666666,3,nvidia/NVIDIA-Nemotron-Labs-3-Puzzle-75B-A9B-NVFP4,p2
peak,9,0.6666666666666666,0.6666666666666666,3,nvidia/NVIDIA-Nemotron-Labs-3-Puzzle-75B-A9B-NVFP4,p2
fill_out,6,0.6666666666666666,0.6666666666666666,2,nvidia/NVIDIA-Nemotron-Labs-3-Puzzle-75B-A9B-NVFP4,p2
firm,6,0.6666666666666666,0.6666666666666666,2,nvidia/NVIDIA-Nemotron-Labs-3-Puzzle-75B-A9B-NVFP4,p2
reform,6,0.6666666666666666,0.6666666666666666,2,nvidia/NVIDIA-Nemotron-Labs-3-Puzzle-75B-A9B-NVFP4,p2
aroused,9,0.6666666666666666,0.6666666666666666,3,nvidia/NVIDIA-Nemotron-Labs-3-Puzzle-75B-A9B-NVFP4,p2
antecedent,6,0.6666666666666666,0.6666666666666666,2,nvidia/NVIDIA-Nemotron-Labs-3-Puzzle-75B-A9B-NVFP4,p2
lock,6,0.6666666666666666,0.6666666666666666,2,nvidia/NVIDIA-Nemotron-Labs-3-Puzzle-75B-A9B-NVFP4,p2
lookout,6,0.6666666666666666,0.6666666666666666,2,nvidia/NVIDIA-Nemotron-Labs-3-Puzzle-75B-A9B-NVFP4,p2
inactive,9,0.6666666666666666,0.6666666666666666,3,nvidia/NVIDIA-Nemotron-Labs-3-Puzzle-75B-A9B-NVFP4,p2
break_down,6,0.6666666666666666,0.6666666666666666,2,nvidia/NVIDIA-Nemotron-Labs-3-Puzzle-75B-A9B-NVFP4,p2
bring_up,9,0.6666666666666666,0.6666666666666666,3,nvidia/NVIDIA-Nemotron-Labs-3-Puzzle-75B-A9B-NVFP4,p2
trade,8,0.75,0.6666666666666667,2,nvidia/NVIDIA-Nemotron-Labs-3-Puzzle-75B-A9B-NVFP4,p2
bang,10,0.7,0.6703296703296704,3,nvidia/NVIDIA-Nemotron-Labs-3-Puzzle-75B-A9B-NVFP4,p2
call_in,9,0.7777777777777778,0.6785714285714286,2,nvidia/NVIDIA-Nemotron-Labs-3-Puzzle-75B-A9B-NVFP4,p2
model,9,0.7777777777777778,0.6785714285714286,2,nvidia/NVIDIA-Nemotron-Labs-3-Puzzle-75B-A9B-NVFP4,p2
pace,11,0.7272727272727273,0.6857142857142857,3,nvidia/NVIDIA-Nemotron-Labs-3-Puzzle-75B-A9B-NVFP4,p2
block,14,0.7142857142857143,0.6888888888888889,4,nvidia/NVIDIA-Nemotron-Labs-3-Puzzle-75B-A9B-NVFP4,p2
label,13,0.6923076923076923,0.6904761904761905,4,nvidia/NVIDIA-Nemotron-Labs-3-Puzzle-75B-A9B-NVFP4,p2
turn_over,13,0.6923076923076923,0.6904761904761905,4,nvidia/NVIDIA-Nemotron-Labs-3-Puzzle-75B-A9B-NVFP4,p2
out,11,0.8181818181818182,0.6944444444444444,2,nvidia/NVIDIA-Nemotron-Labs-3-Puzzle-75B-A9B-NVFP4,p2
casual,10,0.7,0.696969696969697,3,nvidia/NVIDIA-Nemotron-Labs-3-Puzzle-75B-A9B-NVFP4,p2
puff,10,0.7,0.696969696969697,3,nvidia/NVIDIA-Nemotron-Labs-3-Puzzle-75B-A9B-NVFP4,p2
direct,10,0.7,0.696969696969697,3,nvidia/NVIDIA-Nemotron-Labs-3-Puzzle-75B-A9B-NVFP4,p2
expression,10,0.7,0.696969696969697,3,nvidia/NVIDIA-Nemotron-Labs-3-Puzzle-75B-A9B-NVFP4,p2
composition,12,0.75,0.6974789915966386,3,nvidia/NVIDIA-Nemotron-Labs-3-Puzzle-75B-A9B-NVFP4,p2
ground,15,0.7333333333333333,0.7,4,nvidia/NVIDIA-Nemotron-Labs-3-Puzzle-75B-A9B-NVFP4,p2
separation,14,0.7142857142857143,0.7083333333333333,4,nvidia/NVIDIA-Nemotron-Labs-3-Puzzle-75B-A9B-NVFP4,p2
precipitate,7,0.7142857142857143,0.7083333333333333,2,nvidia/NVIDIA-Nemotron-Labs-3-Puzzle-75B-A9B-NVFP4,p2
consume,7,0.7142857142857143,0.7083333333333333,2,nvidia/NVIDIA-Nemotron-Labs-3-Puzzle-75B-A9B-NVFP4,p2
pass_on,7,0.7142857142857143,0.7083333333333333,2,nvidia/NVIDIA-Nemotron-Labs-3-Puzzle-75B-A9B-NVFP4,p2
open_up,7,0.7142857142857143,0.7083333333333333,2,nvidia/NVIDIA-Nemotron-Labs-3-Puzzle-75B-A9B-NVFP4,p2
notice,7,0.7142857142857143,0.7083333333333333,2,nvidia/NVIDIA-Nemotron-Labs-3-Puzzle-75B-A9B-NVFP4,p2
peace,7,0.7142857142857143,0.7083333333333333,2,nvidia/NVIDIA-Nemotron-Labs-3-Puzzle-75B-A9B-NVFP4,p2
arch,7,0.7142857142857143,0.7083333333333333,2,nvidia/NVIDIA-Nemotron-Labs-3-Puzzle-75B-A9B-NVFP4,p2
think_of,7,0.7142857142857143,0.7083333333333333,2,nvidia/NVIDIA-Nemotron-Labs-3-Puzzle-75B-A9B-NVFP4,p2
repress,7,0.7142857142857143,0.7083333333333333,2,nvidia/NVIDIA-Nemotron-Labs-3-Puzzle-75B-A9B-NVFP4,p2
singular,7,0.7142857142857143,0.7083333333333333,2,nvidia/NVIDIA-Nemotron-Labs-3-Puzzle-75B-A9B-NVFP4,p2
assembly,7,0.7142857142857143,0.7083333333333333,2,nvidia/NVIDIA-Nemotron-Labs-3-Puzzle-75B-A9B-NVFP4,p2
horn,14,0.7142857142857143,0.7083333333333333,4,nvidia/NVIDIA-Nemotron-Labs-3-Puzzle-75B-A9B-NVFP4,p2
clap,7,0.7142857142857143,0.7083333333333333,2,nvidia/NVIDIA-Nemotron-Labs-3-Puzzle-75B-A9B-NVFP4,p2
spell,7,0.7142857142857143,0.7083333333333333,2,nvidia/NVIDIA-Nemotron-Labs-3-Puzzle-75B-A9B-NVFP4,p2
condition,7,0.7142857142857143,0.7083333333333333,2,nvidia/NVIDIA-Nemotron-Labs-3-Puzzle-75B-A9B-NVFP4,p2
cause,7,0.7142857142857143,0.7083333333333333,2,nvidia/NVIDIA-Nemotron-Labs-3-Puzzle-75B-A9B-NVFP4,p2
shear,7,0.7142857142857143,0.7083333333333333,2,nvidia/NVIDIA-Nemotron-Labs-3-Puzzle-75B-A9B-NVFP4,p2
capitalize,7,0.7142857142857143,0.7083333333333333,2,nvidia/NVIDIA-Nemotron-Labs-3-Puzzle-75B-A9B-NVFP4,p2
knock,7,0.7142857142857143,0.7083333333333333,2,nvidia/NVIDIA-Nemotron-Labs-3-Puzzle-75B-A9B-NVFP4,p2
whistle,11,0.7272727272727273,0.717948717948718,3,nvidia/NVIDIA-Nemotron-Labs-3-Puzzle-75B-A9B-NVFP4,p2
occupy,11,0.7272727272727273,0.717948717948718,3,nvidia/NVIDIA-Nemotron-Labs-3-Puzzle-75B-A9B-NVFP4,p2
bare,11,0.7272727272727273,0.717948717948718,3,nvidia/NVIDIA-Nemotron-Labs-3-Puzzle-75B-A9B-NVFP4,p2
square,11,0.7272727272727273,0.717948717948718,3,nvidia/NVIDIA-Nemotron-Labs-3-Puzzle-75B-A9B-NVFP4,p2
piece,18,0.7222222222222222,0.7213622291021672,5,nvidia/NVIDIA-Nemotron-Labs-3-Puzzle-75B-A9B-NVFP4,p2
shift,19,0.7368421052631579,0.7246376811594203,5,nvidia/NVIDIA-Nemotron-Labs-3-Puzzle-75B-A9B-NVFP4,p2
twist,23,0.7391304347826086,0.7261904761904762,6,nvidia/NVIDIA-Nemotron-Labs-3-Puzzle-75B-A9B-NVFP4,p2
open,23,0.7391304347826086,0.7261904761904762,6,nvidia/NVIDIA-Nemotron-Labs-3-Puzzle-75B-A9B-NVFP4,p2
snap,11,0.7272727272727273,0.7272727272727273,3,nvidia/NVIDIA-Nemotron-Labs-3-Puzzle-75B-A9B-NVFP4,p2
trouble,11,0.7272727272727273,0.7272727272727273,3,nvidia/NVIDIA-Nemotron-Labs-3-Puzzle-75B-A9B-NVFP4,p2
flip,11,0.7272727272727273,0.7272727272727273,3,nvidia/NVIDIA-Nemotron-Labs-3-Puzzle-75B-A9B-NVFP4,p2
fit,15,0.7333333333333333,0.7321428571428572,4,nvidia/NVIDIA-Nemotron-Labs-3-Puzzle-75B-A9B-NVFP4,p2
brush,8,0.75,0.7333333333333334,2,nvidia/NVIDIA-Nemotron-Labs-3-Puzzle-75B-A9B-NVFP4,p2
capacity,12,0.75,0.7333333333333334,3,nvidia/NVIDIA-Nemotron-Labs-3-Puzzle-75B-A9B-NVFP4,p2
ruin,8,0.75,0.7333333333333334,2,nvidia/NVIDIA-Nemotron-Labs-3-Puzzle-75B-A9B-NVFP4,p2
plague,8,0.75,0.7333333333333334,2,nvidia/NVIDIA-Nemotron-Labs-3-Puzzle-75B-A9B-NVFP4,p2
scrape,8,0.75,0.7333333333333334,2,nvidia/NVIDIA-Nemotron-Labs-3-Puzzle-75B-A9B-NVFP4,p2
revelation,8,0.75,0.7333333333333334,2,nvidia/NVIDIA-Nemotron-Labs-3-Puzzle-75B-A9B-NVFP4,p2
retreat,12,0.75,0.7333333333333334,3,nvidia/NVIDIA-Nemotron-Labs-3-Puzzle-75B-A9B-NVFP4,p2
discharge,12,0.75,0.7333333333333334,3,nvidia/NVIDIA-Nemotron-Labs-3-Puzzle-75B-A9B-NVFP4,p2
sink,8,0.75,0.7333333333333334,2,nvidia/NVIDIA-Nemotron-Labs-3-Puzzle-75B-A9B-NVFP4,p2
hardened,8,0.75,0.7333333333333334,2,nvidia/NVIDIA-Nemotron-Labs-3-Puzzle-75B-A9B-NVFP4,p2
campaign,8,0.75,0.7333333333333334,2,nvidia/NVIDIA-Nemotron-Labs-3-Puzzle-75B-A9B-NVFP4,p2
land,12,0.75,0.7333333333333334,3,nvidia/NVIDIA-Nemotron-Labs-3-Puzzle-75B-A9B-NVFP4,p2
control,13,0.7692307692307693,0.7450980392156863,3,nvidia/NVIDIA-Nemotron-Labs-3-Puzzle-75B-A9B-NVFP4,p2
break_up,16,0.75,0.746031746031746,4,nvidia/NVIDIA-Nemotron-Labs-3-Puzzle-75B-A9B-NVFP4,p2
raw,12,0.75,0.7482517482517483,3,nvidia/NVIDIA-Nemotron-Labs-3-Puzzle-75B-A9B-NVFP4,p2
shower,12,0.75,0.7482517482517483,3,nvidia/NVIDIA-Nemotron-Labs-3-Puzzle-75B-A9B-NVFP4,p2
comfort,12,0.75,0.7482517482517483,3,nvidia/NVIDIA-Nemotron-Labs-3-Puzzle-75B-A9B-NVFP4,p2
crash,12,0.75,0.7482517482517483,3,nvidia/NVIDIA-Nemotron-Labs-3-Puzzle-75B-A9B-NVFP4,p2
punch,12,0.75,0.7482517482517483,3,nvidia/NVIDIA-Nemotron-Labs-3-Puzzle-75B-A9B-NVFP4,p2
release,20,0.75,0.7493734335839599,5,nvidia/NVIDIA-Nemotron-Labs-3-Puzzle-75B-A9B-NVFP4,p2
reversal,9,0.7777777777777778,0.75,2,nvidia/NVIDIA-Nemotron-Labs-3-Puzzle-75B-A9B-NVFP4,p2
recover,8,0.75,0.75,2,nvidia/NVIDIA-Nemotron-Labs-3-Puzzle-75B-A9B-NVFP4,p2
double,8,0.75,0.75,2,nvidia/NVIDIA-Nemotron-Labs-3-Puzzle-75B-A9B-NVFP4,p2
experience,9,0.7777777777777778,0.75,2,nvidia/NVIDIA-Nemotron-Labs-3-Puzzle-75B-A9B-NVFP4,p2
appreciation,8,0.75,0.75,2,nvidia/NVIDIA-Nemotron-Labs-3-Puzzle-75B-A9B-NVFP4,p2
deduction,8,0.75,0.75,2,nvidia/NVIDIA-Nemotron-Labs-3-Puzzle-75B-A9B-NVFP4,p2
corruption,9,0.7777777777777778,0.75,2,nvidia/NVIDIA-Nemotron-Labs-3-Puzzle-75B-A9B-NVFP4,p2
contract,9,0.7777777777777778,0.75,2,nvidia/NVIDIA-Nemotron-Labs-3-Puzzle-75B-A9B-NVFP4,p2
impress,9,0.7777777777777778,0.75,2,nvidia/NVIDIA-Nemotron-Labs-3-Puzzle-75B-A9B-NVFP4,p2
sway,8,0.75,0.75,2,nvidia/NVIDIA-Nemotron-Labs-3-Puzzle-75B-A9B-NVFP4,p2
caller,8,0.75,0.75,2,nvidia/NVIDIA-Nemotron-Labs-3-Puzzle-75B-A9B-NVFP4,p2
flare,9,0.7777777777777778,0.75,2,nvidia/NVIDIA-Nemotron-Labs-3-Puzzle-75B-A9B-NVFP4,p2
isolated,8,0.75,0.75,2,nvidia/NVIDIA-Nemotron-Labs-3-Puzzle-75B-A9B-NVFP4,p2
follow,26,0.7692307692307693,0.75625,6,nvidia/NVIDIA-Nemotron-Labs-3-Puzzle-75B-A9B-NVFP4,p2
drift,22,0.7727272727272727,0.7603485838779956,5,nvidia/NVIDIA-Nemotron-Labs-3-Puzzle-75B-A9B-NVFP4,p2
transcribe,5,0.8,0.7619047619047619,1,nvidia/NVIDIA-Nemotron-Labs-3-Puzzle-75B-A9B-NVFP4,p2
pursue,5,0.8,0.7619047619047619,1,nvidia/NVIDIA-Nemotron-Labs-3-Puzzle-75B-A9B-NVFP4,p2
prosecute,5,0.8,0.7619047619047619,1,nvidia/NVIDIA-Nemotron-Labs-3-Puzzle-75B-A9B-NVFP4,p2
aspiration,5,0.8,0.7619047619047619,1,nvidia/NVIDIA-Nemotron-Labs-3-Puzzle-75B-A9B-NVFP4,p2
ass,5,0.8,0.7619047619047619,1,nvidia/NVIDIA-Nemotron-Labs-3-Puzzle-75B-A9B-NVFP4,p2
question,5,0.8,0.7619047619047619,1,nvidia/NVIDIA-Nemotron-Labs-3-Puzzle-75B-A9B-NVFP4,p2
attraction,5,0.8,0.7619047619047619,1,nvidia/NVIDIA-Nemotron-Labs-3-Puzzle-75B-A9B-NVFP4,p2
pound,5,0.8,0.7619047619047619,1,nvidia/NVIDIA-Nemotron-Labs-3-Puzzle-75B-A9B-NVFP4,p2
reach,5,0.8,0.7619047619047619,1,nvidia/NVIDIA-Nemotron-Labs-3-Puzzle-75B-A9B-NVFP4,p2
feast,5,0.8,0.7619047619047619,1,nvidia/NVIDIA-Nemotron-Labs-3-Puzzle-75B-A9B-NVFP4,p2
fellowship,5,0.8,0.7619047619047619,1,nvidia/NVIDIA-Nemotron-Labs-3-Puzzle-75B-A9B-NVFP4,p2
dwell,5,0.8,0.7619047619047619,1,nvidia/NVIDIA-Nemotron-Labs-3-Puzzle-75B-A9B-NVFP4,p2
recruit,5,0.8,0.7619047619047619,1,nvidia/NVIDIA-Nemotron-Labs-3-Puzzle-75B-A9B-NVFP4,p2
producer,5,0.8,0.7619047619047619,1,nvidia/NVIDIA-Nemotron-Labs-3-Puzzle-75B-A9B-NVFP4,p2
dismissal,5,0.8,0.7619047619047619,1,nvidia/NVIDIA-Nemotron-Labs-3-Puzzle-75B-A9B-NVFP4,p2
reception,5,0.8,0.7619047619047619,1,nvidia/NVIDIA-Nemotron-Labs-3-Puzzle-75B-A9B-NVFP4,p2
fantastic,5,0.8,0.7619047619047619,1,nvidia/NVIDIA-Nemotron-Labs-3-Puzzle-75B-A9B-NVFP4,p2
accounting,5,0.8,0.7619047619047619,1,nvidia/NVIDIA-Nemotron-Labs-3-Puzzle-75B-A9B-NVFP4,p2
lobe,5,0.8,0.7619047619047619,1,nvidia/NVIDIA-Nemotron-Labs-3-Puzzle-75B-A9B-NVFP4,p2
commission,5,0.8,0.7619047619047619,1,nvidia/NVIDIA-Nemotron-Labs-3-Puzzle-75B-A9B-NVFP4,p2
coincide,5,0.8,0.7619047619047619,1,nvidia/NVIDIA-Nemotron-Labs-3-Puzzle-75B-A9B-NVFP4,p2
come_to,5,0.8,0.7619047619047619,1,nvidia/NVIDIA-Nemotron-Labs-3-Puzzle-75B-A9B-NVFP4,p2
spiral,5,0.8,0.7619047619047619,1,nvidia/NVIDIA-Nemotron-Labs-3-Puzzle-75B-A9B-NVFP4,p2
identify,5,0.8,0.7619047619047619,1,nvidia/NVIDIA-Nemotron-Labs-3-Puzzle-75B-A9B-NVFP4,p2
horror,5,0.8,0.7619047619047619,1,nvidia/NVIDIA-Nemotron-Labs-3-Puzzle-75B-A9B-NVFP4,p2
junior,5,0.8,0.7619047619047619,1,nvidia/NVIDIA-Nemotron-Labs-3-Puzzle-75B-A9B-NVFP4,p2
bury,5,0.8,0.7619047619047619,1,nvidia/NVIDIA-Nemotron-Labs-3-Puzzle-75B-A9B-NVFP4,p2
studio,5,0.8,0.7619047619047619,1,nvidia/NVIDIA-Nemotron-Labs-3-Puzzle-75B-A9B-NVFP4,p2
break_out,5,0.8,0.7619047619047619,1,nvidia/NVIDIA-Nemotron-Labs-3-Puzzle-75B-A9B-NVFP4,p2
gem,5,0.8,0.7619047619047619,1,nvidia/NVIDIA-Nemotron-Labs-3-Puzzle-75B-A9B-NVFP4,p2
crook,5,0.8,0.7619047619047619,1,nvidia/NVIDIA-Nemotron-Labs-3-Puzzle-75B-A9B-NVFP4,p2
creation,5,0.8,0.7619047619047619,1,nvidia/NVIDIA-Nemotron-Labs-3-Puzzle-75B-A9B-NVFP4,p2
persistence,5,0.8,0.7619047619047619,1,nvidia/NVIDIA-Nemotron-Labs-3-Puzzle-75B-A9B-NVFP4,p2
owe,5,0.8,0.7619047619047619,1,nvidia/NVIDIA-Nemotron-Labs-3-Puzzle-75B-A9B-NVFP4,p2
compromise,5,0.8,0.7619047619047619,1,nvidia/NVIDIA-Nemotron-Labs-3-Puzzle-75B-A9B-NVFP4,p2
heritage,5,0.8,0.7619047619047619,1,nvidia/NVIDIA-Nemotron-Labs-3-Puzzle-75B-A9B-NVFP4,p2
mouthpiece,5,0.8,0.7619047619047619,1,nvidia/NVIDIA-Nemotron-Labs-3-Puzzle-75B-A9B-NVFP4,p2
skip,5,0.8,0.7619047619047619,1,nvidia/NVIDIA-Nemotron-Labs-3-Puzzle-75B-A9B-NVFP4,p2
confederacy,5,0.8,0.7619047619047619,1,nvidia/NVIDIA-Nemotron-Labs-3-Puzzle-75B-A9B-NVFP4,p2
odd,5,0.8,0.7619047619047619,1,nvidia/NVIDIA-Nemotron-Labs-3-Puzzle-75B-A9B-NVFP4,p2
morphology,5,0.8,0.7619047619047619,1,nvidia/NVIDIA-Nemotron-Labs-3-Puzzle-75B-A9B-NVFP4,p2
bend,5,0.8,0.7619047619047619,1,nvidia/NVIDIA-Nemotron-Labs-3-Puzzle-75B-A9B-NVFP4,p2
wiry,5,0.8,0.7619047619047619,1,nvidia/NVIDIA-Nemotron-Labs-3-Puzzle-75B-A9B-NVFP4,p2
sum,5,0.8,0.7619047619047619,1,nvidia/NVIDIA-Nemotron-Labs-3-Puzzle-75B-A9B-NVFP4,p2
native,5,0.8,0.7619047619047619,1,nvidia/NVIDIA-Nemotron-Labs-3-Puzzle-75B-A9B-NVFP4,p2
chip,10,0.8,0.7619047619047619,2,nvidia/NVIDIA-Nemotron-Labs-3-Puzzle-75B-A9B-NVFP4,p2
clearly,5,0.8,0.7619047619047619,1,nvidia/NVIDIA-Nemotron-Labs-3-Puzzle-75B-A9B-NVFP4,p2
zone,5,0.8,0.7619047619047619,1,nvidia/NVIDIA-Nemotron-Labs-3-Puzzle-75B-A9B-NVFP4,p2
worth,5,0.8,0.7619047619047619,1,nvidia/NVIDIA-Nemotron-Labs-3-Puzzle-75B-A9B-NVFP4,p2
ill,5,0.8,0.7619047619047619,1,nvidia/NVIDIA-Nemotron-Labs-3-Puzzle-75B-A9B-NVFP4,p2
identity,5,0.8,0.7619047619047619,1,nvidia/NVIDIA-Nemotron-Labs-3-Puzzle-75B-A9B-NVFP4,p2
dull,13,0.7692307692307693,0.7636363636363637,3,nvidia/NVIDIA-Nemotron-Labs-3-Puzzle-75B-A9B-NVFP4,p2
grounds,13,0.7692307692307693,0.7636363636363637,3,nvidia/NVIDIA-Nemotron-Labs-3-Puzzle-75B-A9B-NVFP4,p2
post,17,0.7647058823529411,0.7638888888888888,4,nvidia/NVIDIA-Nemotron-Labs-3-Puzzle-75B-A9B-NVFP4,p2
curse,11,0.8181818181818182,0.7708333333333333,2,nvidia/NVIDIA-Nemotron-Labs-3-Puzzle-75B-A9B-NVFP4,p2
come_up,11,0.8181818181818182,0.7708333333333333,2,nvidia/NVIDIA-Nemotron-Labs-3-Puzzle-75B-A9B-NVFP4,p2
advance,9,0.7777777777777778,0.775,2,nvidia/NVIDIA-Nemotron-Labs-3-Puzzle-75B-A9B-NVFP4,p2
bite,9,0.7777777777777778,0.775,2,nvidia/NVIDIA-Nemotron-Labs-3-Puzzle-75B-A9B-NVFP4,p2
ward,9,0.7777777777777778,0.775,2,nvidia/NVIDIA-Nemotron-Labs-3-Puzzle-75B-A9B-NVFP4,p2
active,9,0.7777777777777778,0.775,2,nvidia/NVIDIA-Nemotron-Labs-3-Puzzle-75B-A9B-NVFP4,p2
loose,18,0.7777777777777778,0.775,4,nvidia/NVIDIA-Nemotron-Labs-3-Puzzle-75B-A9B-NVFP4,p2
tough,9,0.7777777777777778,0.775,2,nvidia/NVIDIA-Nemotron-Labs-3-Puzzle-75B-A9B-NVFP4,p2
bore,14,0.7857142857142857,0.7754010695187166,3,nvidia/NVIDIA-Nemotron-Labs-3-Puzzle-75B-A9B-NVFP4,p2
seal,14,0.7857142857142857,0.7754010695187166,3,nvidia/NVIDIA-Nemotron-Labs-3-Puzzle-75B-A9B-NVFP4,p2
consider,14,0.7857142857142857,0.7754010695187166,3,nvidia/NVIDIA-Nemotron-Labs-3-Puzzle-75B-A9B-NVFP4,p2
filling,6,0.8333333333333334,0.7777777777777777,1,nvidia/NVIDIA-Nemotron-Labs-3-Puzzle-75B-A9B-NVFP4,p2
badly,6,0.8333333333333334,0.7777777777777777,1,nvidia/NVIDIA-Nemotron-Labs-3-Puzzle-75B-A9B-NVFP4,p2
stake,6,0.8333333333333334,0.7777777777777777,1,nvidia/NVIDIA-Nemotron-Labs-3-Puzzle-75B-A9B-NVFP4,p2
beginning,6,0.8333333333333334,0.7777777777777777,1,nvidia/NVIDIA-Nemotron-Labs-3-Puzzle-75B-A9B-NVFP4,p2
repel,6,0.8333333333333334,0.7777777777777777,1,nvidia/NVIDIA-Nemotron-Labs-3-Puzzle-75B-A9B-NVFP4,p2
concern,6,0.8333333333333334,0.7777777777777777,1,nvidia/NVIDIA-Nemotron-Labs-3-Puzzle-75B-A9B-NVFP4,p2
convey,6,0.8333333333333334,0.7777777777777777,1,nvidia/NVIDIA-Nemotron-Labs-3-Puzzle-75B-A9B-NVFP4,p2
dial,6,0.8333333333333334,0.7777777777777777,1,nvidia/NVIDIA-Nemotron-Labs-3-Puzzle-75B-A9B-NVFP4,p2
mantle,6,0.8333333333333334,0.7777777777777777,1,nvidia/NVIDIA-Nemotron-Labs-3-Puzzle-75B-A9B-NVFP4,p2
suggest,6,0.8333333333333334,0.7777777777777777,1,nvidia/NVIDIA-Nemotron-Labs-3-Puzzle-75B-A9B-NVFP4,p2
find,14,0.7857142857142857,0.7846153846153847,3,nvidia/NVIDIA-Nemotron-Labs-3-Puzzle-75B-A9B-NVFP4,p2
strain,21,0.8095238095238095,0.7857142857142857,4,nvidia/NVIDIA-Nemotron-Labs-3-Puzzle-75B-A9B-NVFP4,p2
spread_out,7,0.8571428571428571,0.7878787878787878,1,nvidia/NVIDIA-Nemotron-Labs-3-Puzzle-75B-A9B-NVFP4,p2
picket,10,0.8,0.7916666666666667,2,nvidia/NVIDIA-Nemotron-Labs-3-Puzzle-75B-A9B-NVFP4,p2
lightness,10,0.8,0.7916666666666667,2,nvidia/NVIDIA-Nemotron-Labs-3-Puzzle-75B-A9B-NVFP4,p2
distribute,10,0.8,0.7916666666666667,2,nvidia/NVIDIA-Nemotron-Labs-3-Puzzle-75B-A9B-NVFP4,p2
capture,10,0.8,0.7916666666666667,2,nvidia/NVIDIA-Nemotron-Labs-3-Puzzle-75B-A9B-NVFP4,p2
sweep,10,0.8,0.7916666666666667,2,nvidia/NVIDIA-Nemotron-Labs-3-Puzzle-75B-A9B-NVFP4,p2
humor,10,0.8,0.7916666666666667,2,nvidia/NVIDIA-Nemotron-Labs-3-Puzzle-75B-A9B-NVFP4,p2
take_up,16,0.8125,0.7922077922077921,3,nvidia/NVIDIA-Nemotron-Labs-3-Puzzle-75B-A9B-NVFP4,p2
assessment,5,0.8,0.8,1,nvidia/NVIDIA-Nemotron-Labs-3-Puzzle-75B-A9B-NVFP4,p2
trace,15,0.8,0.8,3,nvidia/NVIDIA-Nemotron-Labs-3-Puzzle-75B-A9B-NVFP4,p2
load,5,0.8,0.8,1,nvidia/NVIDIA-Nemotron-Labs-3-Puzzle-75B-A9B-NVFP4,p2
cone,5,0.8,0.8,1,nvidia/NVIDIA-Nemotron-Labs-3-Puzzle-75B-A9B-NVFP4,p2
draw_in,5,0.8,0.8,1,nvidia/NVIDIA-Nemotron-Labs-3-Puzzle-75B-A9B-NVFP4,p2
pulse,5,0.8,0.8,1,nvidia/NVIDIA-Nemotron-Labs-3-Puzzle-75B-A9B-NVFP4,p2
deny,5,0.8,0.8,1,nvidia/NVIDIA-Nemotron-Labs-3-Puzzle-75B-A9B-NVFP4,p2
detachment,5,0.8,0.8,1,nvidia/NVIDIA-Nemotron-Labs-3-Puzzle-75B-A9B-NVFP4,p2
dare,5,0.8,0.8,1,nvidia/NVIDIA-Nemotron-Labs-3-Puzzle-75B-A9B-NVFP4,p2
evacuation,5,0.8,0.8,1,nvidia/NVIDIA-Nemotron-Labs-3-Puzzle-75B-A9B-NVFP4,p2
prosperous,5,0.8,0.8,1,nvidia/NVIDIA-Nemotron-Labs-3-Puzzle-75B-A9B-NVFP4,p2
feminine,5,0.8,0.8,1,nvidia/NVIDIA-Nemotron-Labs-3-Puzzle-75B-A9B-NVFP4,p2
command,5,0.8,0.8,1,nvidia/NVIDIA-Nemotron-Labs-3-Puzzle-75B-A9B-NVFP4,p2
complication,5,0.8,0.8,1,nvidia/NVIDIA-Nemotron-Labs-3-Puzzle-75B-A9B-NVFP4,p2
shroud,5,0.8,0.8,1,nvidia/NVIDIA-Nemotron-Labs-3-Puzzle-75B-A9B-NVFP4,p2
excuse,5,0.8,0.8,1,nvidia/NVIDIA-Nemotron-Labs-3-Puzzle-75B-A9B-NVFP4,p2
glow,10,0.8,0.8,2,nvidia/NVIDIA-Nemotron-Labs-3-Puzzle-75B-A9B-NVFP4,p2
carry_over,5,0.8,0.8,1,nvidia/NVIDIA-Nemotron-Labs-3-Puzzle-75B-A9B-NVFP4,p2
sporting,5,0.8,0.8,1,nvidia/NVIDIA-Nemotron-Labs-3-Puzzle-75B-A9B-NVFP4,p2
formality,5,0.8,0.8,1,nvidia/NVIDIA-Nemotron-Labs-3-Puzzle-75B-A9B-NVFP4,p2
spindle,5,0.8,0.8,1,nvidia/NVIDIA-Nemotron-Labs-3-Puzzle-75B-A9B-NVFP4,p2
cod,5,0.8,0.8,1,nvidia/NVIDIA-Nemotron-Labs-3-Puzzle-75B-A9B-NVFP4,p2
agitation,5,0.8,0.8,1,nvidia/NVIDIA-Nemotron-Labs-3-Puzzle-75B-A9B-NVFP4,p2
residence,5,0.8,0.8,1,nvidia/NVIDIA-Nemotron-Labs-3-Puzzle-75B-A9B-NVFP4,p2
blunt,5,0.8,0.8,1,nvidia/NVIDIA-Nemotron-Labs-3-Puzzle-75B-A9B-NVFP4,p2
sympathy,5,0.8,0.8,1,nvidia/NVIDIA-Nemotron-Labs-3-Puzzle-75B-A9B-NVFP4,p2
sweet,5,0.8,0.8,1,nvidia/NVIDIA-Nemotron-Labs-3-Puzzle-75B-A9B-NVFP4,p2
bowl,10,0.8,0.8,2,nvidia/NVIDIA-Nemotron-Labs-3-Puzzle-75B-A9B-NVFP4,p2
liable,5,0.8,0.8,1,nvidia/NVIDIA-Nemotron-Labs-3-Puzzle-75B-A9B-NVFP4,p2
soften,5,0.8,0.8,1,nvidia/NVIDIA-Nemotron-Labs-3-Puzzle-75B-A9B-NVFP4,p2
penetration,5,0.8,0.8,1,nvidia/NVIDIA-Nemotron-Labs-3-Puzzle-75B-A9B-NVFP4,p2
payment,5,0.8,0.8,1,nvidia/NVIDIA-Nemotron-Labs-3-Puzzle-75B-A9B-NVFP4,p2
projection,11,0.8181818181818182,0.8035714285714286,2,nvidia/NVIDIA-Nemotron-Labs-3-Puzzle-75B-A9B-NVFP4,p2
extend,16,0.8125,0.8056680161943319,3,nvidia/NVIDIA-Nemotron-Labs-3-Puzzle-75B-A9B-NVFP4,p2
pull,11,0.8181818181818182,0.8166666666666667,2,nvidia/NVIDIA-Nemotron-Labs-3-Puzzle-75B-A9B-NVFP4,p2
stretch,22,0.8181818181818182,0.8166666666666667,4,nvidia/NVIDIA-Nemotron-Labs-3-Puzzle-75B-A9B-NVFP4,p2
spin,11,0.8181818181818182,0.8166666666666667,2,nvidia/NVIDIA-Nemotron-Labs-3-Puzzle-75B-A9B-NVFP4,p2
work_out,11,0.8181818181818182,0.8166666666666667,2,nvidia/NVIDIA-Nemotron-Labs-3-Puzzle-75B-A9B-NVFP4,p2
column,11,0.8181818181818182,0.8166666666666667,2,nvidia/NVIDIA-Nemotron-Labs-3-Puzzle-75B-A9B-NVFP4,p2
take_out,13,0.8461538461538461,0.8194444444444444,2,nvidia/NVIDIA-Nemotron-Labs-3-Puzzle-75B-A9B-NVFP4,p2
give_away,6,0.8333333333333334,0.8285714285714285,1,nvidia/NVIDIA-Nemotron-Labs-3-Puzzle-75B-A9B-NVFP4,p2
engrave,6,0.8333333333333334,0.8285714285714285,1,nvidia/NVIDIA-Nemotron-Labs-3-Puzzle-75B-A9B-NVFP4,p2
put_down,12,0.8333333333333334,0.8285714285714285,2,nvidia/NVIDIA-Nemotron-Labs-3-Puzzle-75B-A9B-NVFP4,p2
profound,6,0.8333333333333334,0.8285714285714285,1,nvidia/NVIDIA-Nemotron-Labs-3-Puzzle-75B-A9B-NVFP4,p2
condemnation,6,0.8333333333333334,0.8285714285714285,1,nvidia/NVIDIA-Nemotron-Labs-3-Puzzle-75B-A9B-NVFP4,p2
stir,6,0.8333333333333334,0.8285714285714285,1,nvidia/NVIDIA-Nemotron-Labs-3-Puzzle-75B-A9B-NVFP4,p2
skim,6,0.8333333333333334,0.8285714285714285,1,nvidia/NVIDIA-Nemotron-Labs-3-Puzzle-75B-A9B-NVFP4,p2
seed,6,0.8333333333333334,0.8285714285714285,1,nvidia/NVIDIA-Nemotron-Labs-3-Puzzle-75B-A9B-NVFP4,p2
target,6,0.8333333333333334,0.8285714285714285,1,nvidia/NVIDIA-Nemotron-Labs-3-Puzzle-75B-A9B-NVFP4,p2
extinction,6,0.8333333333333334,0.8285714285714285,1,nvidia/NVIDIA-Nemotron-Labs-3-Puzzle-75B-A9B-NVFP4,p2
cock,6,0.8333333333333334,0.8285714285714285,1,nvidia/NVIDIA-Nemotron-Labs-3-Puzzle-75B-A9B-NVFP4,p2
elimination,6,0.8333333333333334,0.8285714285714285,1,nvidia/NVIDIA-Nemotron-Labs-3-Puzzle-75B-A9B-NVFP4,p2
depart,6,0.8333333333333334,0.8285714285714285,1,nvidia/NVIDIA-Nemotron-Labs-3-Puzzle-75B-A9B-NVFP4,p2
redeem,6,0.8333333333333334,0.8285714285714285,1,nvidia/NVIDIA-Nemotron-Labs-3-Puzzle-75B-A9B-NVFP4,p2
cutting,12,0.8333333333333334,0.8285714285714285,2,nvidia/NVIDIA-Nemotron-Labs-3-Puzzle-75B-A9B-NVFP4,p2
pursuit,6,0.8333333333333334,0.8285714285714285,1,nvidia/NVIDIA-Nemotron-Labs-3-Puzzle-75B-A9B-NVFP4,p2
horny,6,0.8333333333333334,0.8285714285714285,1,nvidia/NVIDIA-Nemotron-Labs-3-Puzzle-75B-A9B-NVFP4,p2
miss,12,0.8333333333333334,0.8285714285714285,2,nvidia/NVIDIA-Nemotron-Labs-3-Puzzle-75B-A9B-NVFP4,p2
memory,6,0.8333333333333334,0.8285714285714285,1,nvidia/NVIDIA-Nemotron-Labs-3-Puzzle-75B-A9B-NVFP4,p2
harmony,6,0.8333333333333334,0.8285714285714285,1,nvidia/NVIDIA-Nemotron-Labs-3-Puzzle-75B-A9B-NVFP4,p2
rare,6,0.8333333333333334,0.8285714285714285,1,nvidia/NVIDIA-Nemotron-Labs-3-Puzzle-75B-A9B-NVFP4,p2
content,6,0.8333333333333334,0.8285714285714285,1,nvidia/NVIDIA-Nemotron-Labs-3-Puzzle-75B-A9B-NVFP4,p2
balsam,6,0.8333333333333334,0.8285714285714285,1,nvidia/NVIDIA-Nemotron-Labs-3-Puzzle-75B-A9B-NVFP4,p2
assimilate,6,0.8333333333333334,0.8285714285714285,1,nvidia/NVIDIA-Nemotron-Labs-3-Puzzle-75B-A9B-NVFP4,p2
break_off,6,0.8333333333333334,0.8285714285714285,1,nvidia/NVIDIA-Nemotron-Labs-3-Puzzle-75B-A9B-NVFP4,p2
intrusion,6,0.8333333333333334,0.8285714285714285,1,nvidia/NVIDIA-Nemotron-Labs-3-Puzzle-75B-A9B-NVFP4,p2
mosaic,6,0.8333333333333334,0.8285714285714285,1,nvidia/NVIDIA-Nemotron-Labs-3-Puzzle-75B-A9B-NVFP4,p2
gain,6,0.8333333333333334,0.8285714285714285,1,nvidia/NVIDIA-Nemotron-Labs-3-Puzzle-75B-A9B-NVFP4,p2
mobile,6,0.8333333333333334,0.8285714285714285,1,nvidia/NVIDIA-Nemotron-Labs-3-Puzzle-75B-A9B-NVFP4,p2
moderate,6,0.8333333333333334,0.8285714285714285,1,nvidia/NVIDIA-Nemotron-Labs-3-Puzzle-75B-A9B-NVFP4,p2
get_into,6,0.8333333333333334,0.8285714285714285,1,nvidia/NVIDIA-Nemotron-Labs-3-Puzzle-75B-A9B-NVFP4,p2
stand,12,0.8333333333333334,0.8285714285714285,2,nvidia/NVIDIA-Nemotron-Labs-3-Puzzle-75B-A9B-NVFP4,p2
poetic,6,0.8333333333333334,0.8285714285714285,1,nvidia/NVIDIA-Nemotron-Labs-3-Puzzle-75B-A9B-NVFP4,p2
sight,6,0.8333333333333334,0.8285714285714285,1,nvidia/NVIDIA-Nemotron-Labs-3-Puzzle-75B-A9B-NVFP4,p2
smut,6,0.8333333333333334,0.8285714285714285,1,nvidia/NVIDIA-Nemotron-Labs-3-Puzzle-75B-A9B-NVFP4,p2
skirt,6,0.8333333333333334,0.8285714285714285,1,nvidia/NVIDIA-Nemotron-Labs-3-Puzzle-75B-A9B-NVFP4,p2
compression,6,0.8333333333333334,0.8285714285714285,1,nvidia/NVIDIA-Nemotron-Labs-3-Puzzle-75B-A9B-NVFP4,p2
socket,6,0.8333333333333334,0.8285714285714285,1,nvidia/NVIDIA-Nemotron-Labs-3-Puzzle-75B-A9B-NVFP4,p2
franchise,6,0.8333333333333334,0.8285714285714285,1,nvidia/NVIDIA-Nemotron-Labs-3-Puzzle-75B-A9B-NVFP4,p2
outstanding,6,0.8333333333333334,0.8285714285714285,1,nvidia/NVIDIA-Nemotron-Labs-3-Puzzle-75B-A9B-NVFP4,p2
affirmation,6,0.8333333333333334,0.8285714285714285,1,nvidia/NVIDIA-Nemotron-Labs-3-Puzzle-75B-A9B-NVFP4,p2
vector,6,0.8333333333333334,0.8285714285714285,1,nvidia/NVIDIA-Nemotron-Labs-3-Puzzle-75B-A9B-NVFP4,p2
irregular,6,0.8333333333333334,0.8285714285714285,1,nvidia/NVIDIA-Nemotron-Labs-3-Puzzle-75B-A9B-NVFP4,p2
innocence,6,0.8333333333333334,0.8285714285714285,1,nvidia/NVIDIA-Nemotron-Labs-3-Puzzle-75B-A9B-NVFP4,p2
cut_off,6,0.8333333333333334,0.8285714285714285,1,nvidia/NVIDIA-Nemotron-Labs-3-Puzzle-75B-A9B-NVFP4,p2
crisp,6,0.8333333333333334,0.8285714285714285,1,nvidia/NVIDIA-Nemotron-Labs-3-Puzzle-75B-A9B-NVFP4,p2
blind,6,0.8333333333333334,0.8285714285714285,1,nvidia/NVIDIA-Nemotron-Labs-3-Puzzle-75B-A9B-NVFP4,p2
beat,12,0.8333333333333334,0.8285714285714285,2,nvidia/NVIDIA-Nemotron-Labs-3-Puzzle-75B-A9B-NVFP4,p2
visibility,6,0.8333333333333334,0.8285714285714285,1,nvidia/NVIDIA-Nemotron-Labs-3-Puzzle-75B-A9B-NVFP4,p2
straight,15,0.8666666666666667,0.8295454545454546,2,nvidia/NVIDIA-Nemotron-Labs-3-Puzzle-75B-A9B-NVFP4,p2
cut,20,0.85,0.8400000000000001,3,nvidia/NVIDIA-Nemotron-Labs-3-Puzzle-75B-A9B-NVFP4,p2
show,19,0.8421052631578947,0.8421052631578947,3,nvidia/NVIDIA-Nemotron-Labs-3-Puzzle-75B-A9B-NVFP4,p2
administration,7,0.8571428571428571,0.8444444444444444,1,nvidia/NVIDIA-Nemotron-Labs-3-Puzzle-75B-A9B-NVFP4,p2
turn_up,7,0.8571428571428571,0.8444444444444444,1,nvidia/NVIDIA-Nemotron-Labs-3-Puzzle-75B-A9B-NVFP4,p2
upset,7,0.8571428571428571,0.8444444444444444,1,nvidia/NVIDIA-Nemotron-Labs-3-Puzzle-75B-A9B-NVFP4,p2
restraint,7,0.8571428571428571,0.8444444444444444,1,nvidia/NVIDIA-Nemotron-Labs-3-Puzzle-75B-A9B-NVFP4,p2
reservation,7,0.8571428571428571,0.8444444444444444,1,nvidia/NVIDIA-Nemotron-Labs-3-Puzzle-75B-A9B-NVFP4,p2
reserve,7,0.8571428571428571,0.8444444444444444,1,nvidia/NVIDIA-Nemotron-Labs-3-Puzzle-75B-A9B-NVFP4,p2
inspiration,7,0.8571428571428571,0.8444444444444444,1,nvidia/NVIDIA-Nemotron-Labs-3-Puzzle-75B-A9B-NVFP4,p2
swear,7,0.8571428571428571,0.8444444444444444,1,nvidia/NVIDIA-Nemotron-Labs-3-Puzzle-75B-A9B-NVFP4,p2
spark,7,0.8571428571428571,0.8444444444444444,1,nvidia/NVIDIA-Nemotron-Labs-3-Puzzle-75B-A9B-NVFP4,p2
spy,7,0.8571428571428571,0.8444444444444444,1,nvidia/NVIDIA-Nemotron-Labs-3-Puzzle-75B-A9B-NVFP4,p2
shrink,7,0.8571428571428571,0.8444444444444444,1,nvidia/NVIDIA-Nemotron-Labs-3-Puzzle-75B-A9B-NVFP4,p2
prevail,7,0.8571428571428571,0.8444444444444444,1,nvidia/NVIDIA-Nemotron-Labs-3-Puzzle-75B-A9B-NVFP4,p2
record,7,0.8571428571428571,0.8444444444444444,1,nvidia/NVIDIA-Nemotron-Labs-3-Puzzle-75B-A9B-NVFP4,p2
sheer,7,0.8571428571428571,0.8444444444444444,1,nvidia/NVIDIA-Nemotron-Labs-3-Puzzle-75B-A9B-NVFP4,p2
presentation,7,0.8571428571428571,0.8444444444444444,1,nvidia/NVIDIA-Nemotron-Labs-3-Puzzle-75B-A9B-NVFP4,p2
pike,7,0.8571428571428571,0.8444444444444444,1,nvidia/NVIDIA-Nemotron-Labs-3-Puzzle-75B-A9B-NVFP4,p2
shank,7,0.8571428571428571,0.8444444444444444,1,nvidia/NVIDIA-Nemotron-Labs-3-Puzzle-75B-A9B-NVFP4,p2
wicked,7,0.8571428571428571,0.8444444444444444,1,nvidia/NVIDIA-Nemotron-Labs-3-Puzzle-75B-A9B-NVFP4,p2
mask,7,0.8571428571428571,0.8444444444444444,1,nvidia/NVIDIA-Nemotron-Labs-3-Puzzle-75B-A9B-NVFP4,p2
sanction,7,0.8571428571428571,0.8444444444444444,1,nvidia/NVIDIA-Nemotron-Labs-3-Puzzle-75B-A9B-NVFP4,p2
appeal,13,0.8461538461538461,0.8452380952380952,2,nvidia/NVIDIA-Nemotron-Labs-3-Puzzle-75B-A9B-NVFP4,p2
slide,13,0.8461538461538461,0.8452380952380952,2,nvidia/NVIDIA-Nemotron-Labs-3-Puzzle-75B-A9B-NVFP4,p2
passage,13,0.8461538461538461,0.8452380952380952,2,nvidia/NVIDIA-Nemotron-Labs-3-Puzzle-75B-A9B-NVFP4,p2
freeze,13,0.8461538461538461,0.8452380952380952,2,nvidia/NVIDIA-Nemotron-Labs-3-Puzzle-75B-A9B-NVFP4,p2
title,13,0.8461538461538461,0.8452380952380952,2,nvidia/NVIDIA-Nemotron-Labs-3-Puzzle-75B-A9B-NVFP4,p2
master,13,0.8461538461538461,0.8452380952380952,2,nvidia/NVIDIA-Nemotron-Labs-3-Puzzle-75B-A9B-NVFP4,p2
clear,22,0.8636363636363636,0.8482758620689655,3,nvidia/NVIDIA-Nemotron-Labs-3-Puzzle-75B-A9B-NVFP4,p2
extension,15,0.8666666666666667,0.8500000000000001,2,nvidia/NVIDIA-Nemotron-Labs-3-Puzzle-75B-A9B-NVFP4,p2
product,8,0.875,0.8545454545454545,1,nvidia/NVIDIA-Nemotron-Labs-3-Puzzle-75B-A9B-NVFP4,p2
captain,8,0.875,0.8545454545454545,1,nvidia/NVIDIA-Nemotron-Labs-3-Puzzle-75B-A9B-NVFP4,p2
detached,8,0.875,0.8545454545454545,1,nvidia/NVIDIA-Nemotron-Labs-3-Puzzle-75B-A9B-NVFP4,p2
put_up,8,0.875,0.8545454545454545,1,nvidia/NVIDIA-Nemotron-Labs-3-Puzzle-75B-A9B-NVFP4,p2
go_on,7,0.8571428571428571,0.8571428571428571,1,nvidia/NVIDIA-Nemotron-Labs-3-Puzzle-75B-A9B-NVFP4,p2
notch,7,0.8571428571428571,0.8571428571428571,1,nvidia/NVIDIA-Nemotron-Labs-3-Puzzle-75B-A9B-NVFP4,p2
get_up,7,0.8571428571428571,0.8571428571428571,1,nvidia/NVIDIA-Nemotron-Labs-3-Puzzle-75B-A9B-NVFP4,p2
naked,7,0.8571428571428571,0.8571428571428571,1,nvidia/NVIDIA-Nemotron-Labs-3-Puzzle-75B-A9B-NVFP4,p2
escape,7,0.8571428571428571,0.8571428571428571,1,nvidia/NVIDIA-Nemotron-Labs-3-Puzzle-75B-A9B-NVFP4,p2
reel,7,0.8571428571428571,0.8571428571428571,1,nvidia/NVIDIA-Nemotron-Labs-3-Puzzle-75B-A9B-NVFP4,p2
assault,7,0.8571428571428571,0.8571428571428571,1,nvidia/NVIDIA-Nemotron-Labs-3-Puzzle-75B-A9B-NVFP4,p2
indicate,7,0.8571428571428571,0.8571428571428571,1,nvidia/NVIDIA-Nemotron-Labs-3-Puzzle-75B-A9B-NVFP4,p2
still,7,0.8571428571428571,0.8571428571428571,1,nvidia/NVIDIA-Nemotron-Labs-3-Puzzle-75B-A9B-NVFP4,p2
diagonal,7,0.8571428571428571,0.8571428571428571,1,nvidia/NVIDIA-Nemotron-Labs-3-Puzzle-75B-A9B-NVFP4,p2
knob,7,0.8571428571428571,0.8571428571428571,1,nvidia/NVIDIA-Nemotron-Labs-3-Puzzle-75B-A9B-NVFP4,p2
solid,7,0.8571428571428571,0.8571428571428571,1,nvidia/NVIDIA-Nemotron-Labs-3-Puzzle-75B-A9B-NVFP4,p2
knock_out,7,0.8571428571428571,0.8571428571428571,1,nvidia/NVIDIA-Nemotron-Labs-3-Puzzle-75B-A9B-NVFP4,p2
carrier,7,0.8571428571428571,0.8571428571428571,1,nvidia/NVIDIA-Nemotron-Labs-3-Puzzle-75B-A9B-NVFP4,p2
superior,7,0.8571428571428571,0.8571428571428571,1,nvidia/NVIDIA-Nemotron-Labs-3-Puzzle-75B-A9B-NVFP4,p2
rubber,7,0.8571428571428571,0.8571428571428571,1,nvidia/NVIDIA-Nemotron-Labs-3-Puzzle-75B-A9B-NVFP4,p2
belt,7,0.8571428571428571,0.8571428571428571,1,nvidia/NVIDIA-Nemotron-Labs-3-Puzzle-75B-A9B-NVFP4,p2
track,14,0.8571428571428571,0.8571428571428571,2,nvidia/NVIDIA-Nemotron-Labs-3-Puzzle-75B-A9B-NVFP4,p2
m,7,0.8571428571428571,0.8571428571428571,1,nvidia/NVIDIA-Nemotron-Labs-3-Puzzle-75B-A9B-NVFP4,p2
business,9,0.8888888888888888,0.8615384615384616,1,nvidia/NVIDIA-Nemotron-Labs-3-Puzzle-75B-A9B-NVFP4,p2
stall,9,0.8888888888888888,0.8615384615384616,1,nvidia/NVIDIA-Nemotron-Labs-3-Puzzle-75B-A9B-NVFP4,p2
bank,9,0.8888888888888888,0.8615384615384616,1,nvidia/NVIDIA-Nemotron-Labs-3-Puzzle-75B-A9B-NVFP4,p2
tap,22,0.8636363636363636,0.8633540372670807,3,nvidia/NVIDIA-Nemotron-Labs-3-Puzzle-75B-A9B-NVFP4,p2
grant,22,0.8636363636363636,0.8633540372670807,3,nvidia/NVIDIA-Nemotron-Labs-3-Puzzle-75B-A9B-NVFP4,p2
blast,15,0.8666666666666667,0.8660714285714286,2,nvidia/NVIDIA-Nemotron-Labs-3-Puzzle-75B-A9B-NVFP4,p2
focus,15,0.8666666666666667,0.8660714285714286,2,nvidia/NVIDIA-Nemotron-Labs-3-Puzzle-75B-A9B-NVFP4,p2
maneuver,10,0.9,0.8666666666666667,1,nvidia/NVIDIA-Nemotron-Labs-3-Puzzle-75B-A9B-NVFP4,p2
credit,10,0.9,0.8666666666666667,1,nvidia/NVIDIA-Nemotron-Labs-3-Puzzle-75B-A9B-NVFP4,p2
address,23,0.8695652173913043,0.8685714285714285,3,nvidia/NVIDIA-Nemotron-Labs-3-Puzzle-75B-A9B-NVFP4,p2
break,69,0.8695652173913043,0.8694555392053815,9,nvidia/NVIDIA-Nemotron-Labs-3-Puzzle-75B-A9B-NVFP4,p2
rail,8,0.875,0.873015873015873,1,nvidia/NVIDIA-Nemotron-Labs-3-Puzzle-75B-A9B-NVFP4,p2
decline,8,0.875,0.873015873015873,1,nvidia/NVIDIA-Nemotron-Labs-3-Puzzle-75B-A9B-NVFP4,p2
spirit,8,0.875,0.873015873015873,1,nvidia/NVIDIA-Nemotron-Labs-3-Puzzle-75B-A9B-NVFP4,p2
liberty,8,0.875,0.873015873015873,1,nvidia/NVIDIA-Nemotron-Labs-3-Puzzle-75B-A9B-NVFP4,p2
jumper,8,0.875,0.873015873015873,1,nvidia/NVIDIA-Nemotron-Labs-3-Puzzle-75B-A9B-NVFP4,p2
ordain,8,0.875,0.873015873015873,1,nvidia/NVIDIA-Nemotron-Labs-3-Puzzle-75B-A9B-NVFP4,p2
neutral,8,0.875,0.873015873015873,1,nvidia/NVIDIA-Nemotron-Labs-3-Puzzle-75B-A9B-NVFP4,p2
make_out,8,0.875,0.873015873015873,1,nvidia/NVIDIA-Nemotron-Labs-3-Puzzle-75B-A9B-NVFP4,p2
disturbance,8,0.875,0.873015873015873,1,nvidia/NVIDIA-Nemotron-Labs-3-Puzzle-75B-A9B-NVFP4,p2
scratch,8,0.875,0.873015873015873,1,nvidia/NVIDIA-Nemotron-Labs-3-Puzzle-75B-A9B-NVFP4,p2
define,8,0.875,0.873015873015873,1,nvidia/NVIDIA-Nemotron-Labs-3-Puzzle-75B-A9B-NVFP4,p2
trust,8,0.875,0.873015873015873,1,nvidia/NVIDIA-Nemotron-Labs-3-Puzzle-75B-A9B-NVFP4,p2
trip,8,0.875,0.873015873015873,1,nvidia/NVIDIA-Nemotron-Labs-3-Puzzle-75B-A9B-NVFP4,p2
zero,8,0.875,0.873015873015873,1,nvidia/NVIDIA-Nemotron-Labs-3-Puzzle-75B-A9B-NVFP4,p2
bark,8,0.875,0.873015873015873,1,nvidia/NVIDIA-Nemotron-Labs-3-Puzzle-75B-A9B-NVFP4,p2
aside,8,0.875,0.873015873015873,1,nvidia/NVIDIA-Nemotron-Labs-3-Puzzle-75B-A9B-NVFP4,p2
accent,8,0.875,0.873015873015873,1,nvidia/NVIDIA-Nemotron-Labs-3-Puzzle-75B-A9B-NVFP4,p2
loom,8,0.875,0.873015873015873,1,nvidia/NVIDIA-Nemotron-Labs-3-Puzzle-75B-A9B-NVFP4,p2
set_up,16,0.875,0.873015873015873,2,nvidia/NVIDIA-Nemotron-Labs-3-Puzzle-75B-A9B-NVFP4,p2
interview,8,0.875,0.873015873015873,1,nvidia/NVIDIA-Nemotron-Labs-3-Puzzle-75B-A9B-NVFP4,p2
crude,8,0.875,0.873015873015873,1,nvidia/NVIDIA-Nemotron-Labs-3-Puzzle-75B-A9B-NVFP4,p2
unfold,8,0.875,0.873015873015873,1,nvidia/NVIDIA-Nemotron-Labs-3-Puzzle-75B-A9B-NVFP4,p2
lime,8,0.875,0.873015873015873,1,nvidia/NVIDIA-Nemotron-Labs-3-Puzzle-75B-A9B-NVFP4,p2
exercise,8,0.875,0.873015873015873,1,nvidia/NVIDIA-Nemotron-Labs-3-Puzzle-75B-A9B-NVFP4,p2
scene,16,0.875,0.873015873015873,2,nvidia/NVIDIA-Nemotron-Labs-3-Puzzle-75B-A9B-NVFP4,p2
closure,8,0.875,0.873015873015873,1,nvidia/NVIDIA-Nemotron-Labs-3-Puzzle-75B-A9B-NVFP4,p2
affairs,8,0.875,0.873015873015873,1,nvidia/NVIDIA-Nemotron-Labs-3-Puzzle-75B-A9B-NVFP4,p2
spread,24,0.875,0.8747826086956522,3,nvidia/NVIDIA-Nemotron-Labs-3-Puzzle-75B-A9B-NVFP4,p2
reference,16,0.875,0.875,2,nvidia/NVIDIA-Nemotron-Labs-3-Puzzle-75B-A9B-NVFP4,p2
stuff,17,0.8823529411764706,0.8785714285714286,2,nvidia/NVIDIA-Nemotron-Labs-3-Puzzle-75B-A9B-NVFP4,p2
touch,17,0.8823529411764706,0.8819444444444444,2,nvidia/NVIDIA-Nemotron-Labs-3-Puzzle-75B-A9B-NVFP4,p2
accord,9,0.8888888888888888,0.8831168831168831,1,nvidia/NVIDIA-Nemotron-Labs-3-Puzzle-75B-A9B-NVFP4,p2
pay_off,9,0.8888888888888888,0.8831168831168831,1,nvidia/NVIDIA-Nemotron-Labs-3-Puzzle-75B-A9B-NVFP4,p2
channel,9,0.8888888888888888,0.8831168831168831,1,nvidia/NVIDIA-Nemotron-Labs-3-Puzzle-75B-A9B-NVFP4,p2
regard,9,0.8888888888888888,0.8831168831168831,1,nvidia/NVIDIA-Nemotron-Labs-3-Puzzle-75B-A9B-NVFP4,p2
trick,9,0.8888888888888888,0.8831168831168831,1,nvidia/NVIDIA-Nemotron-Labs-3-Puzzle-75B-A9B-NVFP4,p2
amount,9,0.8888888888888888,0.8831168831168831,1,nvidia/NVIDIA-Nemotron-Labs-3-Puzzle-75B-A9B-NVFP4,p2
level,9,0.8888888888888888,0.8831168831168831,1,nvidia/NVIDIA-Nemotron-Labs-3-Puzzle-75B-A9B-NVFP4,p2
execute,9,0.8888888888888888,0.8831168831168831,1,nvidia/NVIDIA-Nemotron-Labs-3-Puzzle-75B-A9B-NVFP4,p2
board,9,0.8888888888888888,0.8831168831168831,1,nvidia/NVIDIA-Nemotron-Labs-3-Puzzle-75B-A9B-NVFP4,p2
system,9,0.8888888888888888,0.8831168831168831,1,nvidia/NVIDIA-Nemotron-Labs-3-Puzzle-75B-A9B-NVFP4,p2
cross,9,0.8888888888888888,0.8831168831168831,1,nvidia/NVIDIA-Nemotron-Labs-3-Puzzle-75B-A9B-NVFP4,p2
rack,9,0.8888888888888888,0.8831168831168831,1,nvidia/NVIDIA-Nemotron-Labs-3-Puzzle-75B-A9B-NVFP4,p2
claim,9,0.8888888888888888,0.8831168831168831,1,nvidia/NVIDIA-Nemotron-Labs-3-Puzzle-75B-A9B-NVFP4,p2
slip,29,0.896551724137931,0.888030888030888,3,nvidia/NVIDIA-Nemotron-Labs-3-Puzzle-75B-A9B-NVFP4,p2
heave,9,0.8888888888888888,0.8888888888888888,1,nvidia/NVIDIA-Nemotron-Labs-3-Puzzle-75B-A9B-NVFP4,p2
settlement,9,0.8888888888888888,0.8888888888888888,1,nvidia/NVIDIA-Nemotron-Labs-3-Puzzle-75B-A9B-NVFP4,p2
gallery,9,0.8888888888888888,0.8888888888888888,1,nvidia/NVIDIA-Nemotron-Labs-3-Puzzle-75B-A9B-NVFP4,p2
prime,9,0.8888888888888888,0.8888888888888888,1,nvidia/NVIDIA-Nemotron-Labs-3-Puzzle-75B-A9B-NVFP4,p2
thong,9,0.8888888888888888,0.8888888888888888,1,nvidia/NVIDIA-Nemotron-Labs-3-Puzzle-75B-A9B-NVFP4,p2
hold_out,9,0.8888888888888888,0.8888888888888888,1,nvidia/NVIDIA-Nemotron-Labs-3-Puzzle-75B-A9B-NVFP4,p2
sound,28,0.8928571428571429,0.8893280632411067,3,nvidia/NVIDIA-Nemotron-Labs-3-Puzzle-75B-A9B-NVFP4,p2
pledge,10,0.9,0.8901098901098901,1,nvidia/NVIDIA-Nemotron-Labs-3-Puzzle-75B-A9B-NVFP4,p2
take_off,10,0.9,0.8901098901098901,1,nvidia/NVIDIA-Nemotron-Labs-3-Puzzle-75B-A9B-NVFP4,p2
turn,10,0.9,0.8901098901098901,1,nvidia/NVIDIA-Nemotron-Labs-3-Puzzle-75B-A9B-NVFP4,p2
connect,10,0.9,0.8901098901098901,1,nvidia/NVIDIA-Nemotron-Labs-3-Puzzle-75B-A9B-NVFP4,p2
stick,20,0.9,0.8901098901098901,2,nvidia/NVIDIA-Nemotron-Labs-3-Puzzle-75B-A9B-NVFP4,p2
hold,10,0.9,0.8901098901098901,1,nvidia/NVIDIA-Nemotron-Labs-3-Puzzle-75B-A9B-NVFP4,p2
base,28,0.8928571428571429,0.8916129032258064,3,nvidia/NVIDIA-Nemotron-Labs-3-Puzzle-75B-A9B-NVFP4,p2
living,11,0.9090909090909091,0.8952380952380952,1,nvidia/NVIDIA-Nemotron-Labs-3-Puzzle-75B-A9B-NVFP4,p2
bolt,10,0.9,0.898989898989899,1,nvidia/NVIDIA-Nemotron-Labs-3-Puzzle-75B-A9B-NVFP4,p2
wash,10,0.9,0.898989898989899,1,nvidia/NVIDIA-Nemotron-Labs-3-Puzzle-75B-A9B-NVFP4,p2
cover,10,0.9,0.898989898989899,1,nvidia/NVIDIA-Nemotron-Labs-3-Puzzle-75B-A9B-NVFP4,p2
habit,10,0.9,0.898989898989899,1,nvidia/NVIDIA-Nemotron-Labs-3-Puzzle-75B-A9B-NVFP4,p2
security,10,0.9,0.898989898989899,1,nvidia/NVIDIA-Nemotron-Labs-3-Puzzle-75B-A9B-NVFP4,p2
closed,10,0.9,0.898989898989899,1,nvidia/NVIDIA-Nemotron-Labs-3-Puzzle-75B-A9B-NVFP4,p2
induction,10,0.9,0.898989898989899,1,nvidia/NVIDIA-Nemotron-Labs-3-Puzzle-75B-A9B-NVFP4,p2
camp,10,0.9,0.898989898989899,1,nvidia/NVIDIA-Nemotron-Labs-3-Puzzle-75B-A9B-NVFP4,p2
delicacy,10,0.9,0.898989898989899,1,nvidia/NVIDIA-Nemotron-Labs-3-Puzzle-75B-A9B-NVFP4,p2
order,13,0.9230769230769231,0.9022556390977443,1,nvidia/NVIDIA-Nemotron-Labs-3-Puzzle-75B-A9B-NVFP4,p2
screen,21,0.9047619047619048,0.9027777777777777,2,nvidia/NVIDIA-Nemotron-Labs-3-Puzzle-75B-A9B-NVFP4,p2
deal,21,0.9047619047619048,0.9045454545454545,2,nvidia/NVIDIA-Nemotron-Labs-3-Puzzle-75B-A9B-NVFP4,p2
flash,11,0.9090909090909091,0.905982905982906,1,nvidia/NVIDIA-Nemotron-Labs-3-Puzzle-75B-A9B-NVFP4,p2
get_off,11,0.9090909090909091,0.905982905982906,1,nvidia/NVIDIA-Nemotron-Labs-3-Puzzle-75B-A9B-NVFP4,p2
common,11,0.9090909090909091,0.905982905982906,1,nvidia/NVIDIA-Nemotron-Labs-3-Puzzle-75B-A9B-NVFP4,p2
settle,23,0.9130434782608695,0.9087301587301587,2,nvidia/NVIDIA-Nemotron-Labs-3-Puzzle-75B-A9B-NVFP4,p2
dip,33,0.9090909090909091,0.9087557603686636,3,nvidia/NVIDIA-Nemotron-Labs-3-Puzzle-75B-A9B-NVFP4,p2
rig,11,0.9090909090909091,0.9090909090909091,1,nvidia/NVIDIA-Nemotron-Labs-3-Puzzle-75B-A9B-NVFP4,p2
back,11,0.9090909090909091,0.9090909090909091,1,nvidia/NVIDIA-Nemotron-Labs-3-Puzzle-75B-A9B-NVFP4,p2
plunge,11,0.9090909090909091,0.9090909090909091,1,nvidia/NVIDIA-Nemotron-Labs-3-Puzzle-75B-A9B-NVFP4,p2
direction,12,0.9166666666666666,0.9111111111111111,1,nvidia/NVIDIA-Nemotron-Labs-3-Puzzle-75B-A9B-NVFP4,p2
stroke,12,0.9166666666666666,0.9111111111111111,1,nvidia/NVIDIA-Nemotron-Labs-3-Puzzle-75B-A9B-NVFP4,p2
association,12,0.9166666666666666,0.9111111111111111,1,nvidia/NVIDIA-Nemotron-Labs-3-Puzzle-75B-A9B-NVFP4,p2
catch,12,0.9166666666666666,0.9111111111111111,1,nvidia/NVIDIA-Nemotron-Labs-3-Puzzle-75B-A9B-NVFP4,p2
pick,12,0.9166666666666666,0.9111111111111111,1,nvidia/NVIDIA-Nemotron-Labs-3-Puzzle-75B-A9B-NVFP4,p2
chain,12,0.9166666666666666,0.916083916083916,1,nvidia/NVIDIA-Nemotron-Labs-3-Puzzle-75B-A9B-NVFP4,p2
stamp,12,0.9166666666666666,0.916083916083916,1,nvidia/NVIDIA-Nemotron-Labs-3-Puzzle-75B-A9B-NVFP4,p2
force,12,0.9166666666666666,0.916083916083916,1,nvidia/NVIDIA-Nemotron-Labs-3-Puzzle-75B-A9B-NVFP4,p2
take,39,0.9230769230769231,0.9196980096087852,3,nvidia/NVIDIA-Nemotron-Labs-3-Puzzle-75B-A9B-NVFP4,p2
hood,13,0.9230769230769231,0.9212121212121211,1,nvidia/NVIDIA-Nemotron-Labs-3-Puzzle-75B-A9B-NVFP4,p2
corner,13,0.9230769230769231,0.9212121212121211,1,nvidia/NVIDIA-Nemotron-Labs-3-Puzzle-75B-A9B-NVFP4,p2
go_down,13,0.9230769230769231,0.9212121212121211,1,nvidia/NVIDIA-Nemotron-Labs-3-Puzzle-75B-A9B-NVFP4,p2
bind,13,0.9230769230769231,0.9212121212121211,1,nvidia/NVIDIA-Nemotron-Labs-3-Puzzle-75B-A9B-NVFP4,p2
concentrate,13,0.9230769230769231,0.9212121212121211,1,nvidia/NVIDIA-Nemotron-Labs-3-Puzzle-75B-A9B-NVFP4,p2
spike,13,0.9230769230769231,0.9230769230769231,1,nvidia/NVIDIA-Nemotron-Labs-3-Puzzle-75B-A9B-NVFP4,p2
rocker,13,0.9230769230769231,0.9230769230769231,1,nvidia/NVIDIA-Nemotron-Labs-3-Puzzle-75B-A9B-NVFP4,p2
burn,13,0.9230769230769231,0.9230769230769231,1,nvidia/NVIDIA-Nemotron-Labs-3-Puzzle-75B-A9B-NVFP4,p2
rise,14,0.9285714285714286,0.9251336898395721,1,nvidia/NVIDIA-Nemotron-Labs-3-Puzzle-75B-A9B-NVFP4,p2
date,14,0.9285714285714286,0.9251336898395721,1,nvidia/NVIDIA-Nemotron-Labs-3-Puzzle-75B-A9B-NVFP4,p2
fall,14,0.9285714285714286,0.9282051282051282,1,nvidia/NVIDIA-Nemotron-Labs-3-Puzzle-75B-A9B-NVFP4,p2
field,14,0.9285714285714286,0.9282051282051282,1,nvidia/NVIDIA-Nemotron-Labs-3-Puzzle-75B-A9B-NVFP4,p2
relief,14,0.9285714285714286,0.9282051282051282,1,nvidia/NVIDIA-Nemotron-Labs-3-Puzzle-75B-A9B-NVFP4,p2
call,15,0.9333333333333333,0.9321266968325792,1,nvidia/NVIDIA-Nemotron-Labs-3-Puzzle-75B-A9B-NVFP4,p2
crack,15,0.9333333333333333,0.9333333333333333,1,nvidia/NVIDIA-Nemotron-Labs-3-Puzzle-75B-A9B-NVFP4,p2
radical,15,0.9333333333333333,0.9333333333333333,1,nvidia/NVIDIA-Nemotron-Labs-3-Puzzle-75B-A9B-NVFP4,p2
split,15,0.9333333333333333,0.9333333333333333,1,nvidia/NVIDIA-Nemotron-Labs-3-Puzzle-75B-A9B-NVFP4,p2
bow,16,0.9375,0.9352226720647774,1,nvidia/NVIDIA-Nemotron-Labs-3-Puzzle-75B-A9B-NVFP4,p2
inversion,16,0.9375,0.9372549019607843,1,nvidia/NVIDIA-Nemotron-Labs-3-Puzzle-75B-A9B-NVFP4,p2
figure,16,0.9375,0.9372549019607843,1,nvidia/NVIDIA-Nemotron-Labs-3-Puzzle-75B-A9B-NVFP4,p2
serve,16,0.9375,0.9372549019607843,1,nvidia/NVIDIA-Nemotron-Labs-3-Puzzle-75B-A9B-NVFP4,p2
crown,17,0.9411764705882353,0.9377289377289377,1,nvidia/NVIDIA-Nemotron-Labs-3-Puzzle-75B-A9B-NVFP4,p2
life,17,0.9411764705882353,0.9377289377289377,1,nvidia/NVIDIA-Nemotron-Labs-3-Puzzle-75B-A9B-NVFP4,p2
scale,18,0.9444444444444444,0.939799331103679,1,nvidia/NVIDIA-Nemotron-Labs-3-Puzzle-75B-A9B-NVFP4,p2
mate,17,0.9411764705882353,0.9403508771929825,1,nvidia/NVIDIA-Nemotron-Labs-3-Puzzle-75B-A9B-NVFP4,p2
pick_up,18,0.9444444444444444,0.9428571428571428,1,nvidia/NVIDIA-Nemotron-Labs-3-Puzzle-75B-A9B-NVFP4,p2
brace,18,0.9444444444444444,0.9442724458204335,1,nvidia/NVIDIA-Nemotron-Labs-3-Puzzle-75B-A9B-NVFP4,p2
represent,18,0.9444444444444444,0.9442724458204335,1,nvidia/NVIDIA-Nemotron-Labs-3-Puzzle-75B-A9B-NVFP4,p2
lead,19,0.9473684210526315,0.9449275362318841,1,nvidia/NVIDIA-Nemotron-Labs-3-Puzzle-75B-A9B-NVFP4,p2
charge,38,0.9473684210526315,0.9460227272727273,2,nvidia/NVIDIA-Nemotron-Labs-3-Puzzle-75B-A9B-NVFP4,p2
pass,39,0.9487179487179487,0.9478609625668449,2,nvidia/NVIDIA-Nemotron-Labs-3-Puzzle-75B-A9B-NVFP4,p2
take_in,20,0.95,0.948849104859335,1,nvidia/NVIDIA-Nemotron-Labs-3-Puzzle-75B-A9B-NVFP4,p2
roll,20,0.95,0.949874686716792,1,nvidia/NVIDIA-Nemotron-Labs-3-Puzzle-75B-A9B-NVFP4,p2
draw,43,0.9534883720930233,0.9513574660633484,2,nvidia/NVIDIA-Nemotron-Labs-3-Puzzle-75B-A9B-NVFP4,p2
line,27,0.9629629629629629,0.961038961038961,1,nvidia/NVIDIA-Nemotron-Labs-3-Puzzle-75B-A9B-NVFP4,p2
arrangement,9,1.0,1.0,0,nvidia/NVIDIA-Nemotron-Labs-3-Puzzle-75B-A9B-NVFP4,p2
works,7,1.0,1.0,0,nvidia/NVIDIA-Nemotron-Labs-3-Puzzle-75B-A9B-NVFP4,p2
acceptance,9,1.0,1.0,0,nvidia/NVIDIA-Nemotron-Labs-3-Puzzle-75B-A9B-NVFP4,p2
yoke,9,1.0,1.0,0,nvidia/NVIDIA-Nemotron-Labs-3-Puzzle-75B-A9B-NVFP4,p2
abstraction,7,1.0,1.0,0,nvidia/NVIDIA-Nemotron-Labs-3-Puzzle-75B-A9B-NVFP4,p2
attachment,9,1.0,1.0,0,nvidia/NVIDIA-Nemotron-Labs-3-Puzzle-75B-A9B-NVFP4,p2
award,5,1.0,1.0,0,nvidia/NVIDIA-Nemotron-Labs-3-Puzzle-75B-A9B-NVFP4,p2
assimilation,8,1.0,1.0,0,nvidia/NVIDIA-Nemotron-Labs-3-Puzzle-75B-A9B-NVFP4,p2
tension,6,1.0,1.0,0,nvidia/NVIDIA-Nemotron-Labs-3-Puzzle-75B-A9B-NVFP4,p2
bald,5,1.0,1.0,0,nvidia/NVIDIA-Nemotron-Labs-3-Puzzle-75B-A9B-NVFP4,p2
band,13,1.0,1.0,0,nvidia/NVIDIA-Nemotron-Labs-3-Puzzle-75B-A9B-NVFP4,p2
tread,12,1.0,1.0,0,nvidia/NVIDIA-Nemotron-Labs-3-Puzzle-75B-A9B-NVFP4,p2
tie,8,1.0,1.0,0,nvidia/NVIDIA-Nemotron-Labs-3-Puzzle-75B-A9B-NVFP4,p2
tone,10,1.0,1.0,0,nvidia/NVIDIA-Nemotron-Labs-3-Puzzle-75B-A9B-NVFP4,p2
adhere,7,1.0,1.0,0,nvidia/NVIDIA-Nemotron-Labs-3-Puzzle-75B-A9B-NVFP4,p2
adoption,6,1.0,1.0,0,nvidia/NVIDIA-Nemotron-Labs-3-Puzzle-75B-A9B-NVFP4,p2
accessible,5,1.0,1.0,0,nvidia/NVIDIA-Nemotron-Labs-3-Puzzle-75B-A9B-NVFP4,p2
limit,6,1.0,1.0,0,nvidia/NVIDIA-Nemotron-Labs-3-Puzzle-75B-A9B-NVFP4,p2
appointed,5,1.0,1.0,0,nvidia/NVIDIA-Nemotron-Labs-3-Puzzle-75B-A9B-NVFP4,p2
affinity,8,1.0,1.0,0,nvidia/NVIDIA-Nemotron-Labs-3-Puzzle-75B-A9B-NVFP4,p2
alarm,6,1.0,1.0,0,nvidia/NVIDIA-Nemotron-Labs-3-Puzzle-75B-A9B-NVFP4,p2
view,14,1.0,1.0,0,nvidia/NVIDIA-Nemotron-Labs-3-Puzzle-75B-A9B-NVFP4,p2
under,5,1.0,1.0,0,nvidia/NVIDIA-Nemotron-Labs-3-Puzzle-75B-A9B-NVFP4,p2
align,5,1.0,1.0,0,nvidia/NVIDIA-Nemotron-Labs-3-Puzzle-75B-A9B-NVFP4,p2
allowance,8,1.0,1.0,0,nvidia/NVIDIA-Nemotron-Labs-3-Puzzle-75B-A9B-NVFP4,p2
withdrawal,14,1.0,1.0,0,nvidia/NVIDIA-Nemotron-Labs-3-Puzzle-75B-A9B-NVFP4,p2
walk,8,1.0,1.0,0,nvidia/NVIDIA-Nemotron-Labs-3-Puzzle-75B-A9B-NVFP4,p2
waste,7,1.0,1.0,0,nvidia/NVIDIA-Nemotron-Labs-3-Puzzle-75B-A9B-NVFP4,p2
wedge,6,1.0,1.0,0,nvidia/NVIDIA-Nemotron-Labs-3-Puzzle-75B-A9B-NVFP4,p2
utility,6,1.0,1.0,0,nvidia/NVIDIA-Nemotron-Labs-3-Puzzle-75B-A9B-NVFP4,p2
venture,5,1.0,1.0,0,nvidia/NVIDIA-Nemotron-Labs-3-Puzzle-75B-A9B-NVFP4,p2
cruise,5,1.0,1.0,0,nvidia/NVIDIA-Nemotron-Labs-3-Puzzle-75B-A9B-NVFP4,p2
correction,9,1.0,1.0,0,nvidia/NVIDIA-Nemotron-Labs-3-Puzzle-75B-A9B-NVFP4,p2
reverse,9,1.0,1.0,0,nvidia/NVIDIA-Nemotron-Labs-3-Puzzle-75B-A9B-NVFP4,p2
revolutionary,5,1.0,1.0,0,nvidia/NVIDIA-Nemotron-Labs-3-Puzzle-75B-A9B-NVFP4,p2
romance,10,1.0,1.0,0,nvidia/NVIDIA-Nemotron-Labs-3-Puzzle-75B-A9B-NVFP4,p2
round,16,1.0,1.0,0,nvidia/NVIDIA-Nemotron-Labs-3-Puzzle-75B-A9B-NVFP4,p2
run_down,5,1.0,1.0,0,nvidia/NVIDIA-Nemotron-Labs-3-Puzzle-75B-A9B-NVFP4,p2
ridge,5,1.0,1.0,0,nvidia/NVIDIA-Nemotron-Labs-3-Puzzle-75B-A9B-NVFP4,p2
dash,10,1.0,1.0,0,nvidia/NVIDIA-Nemotron-Labs-3-Puzzle-75B-A9B-NVFP4,p2
depression,15,1.0,1.0,0,nvidia/NVIDIA-Nemotron-Labs-3-Puzzle-75B-A9B-NVFP4,p2
detail,6,1.0,1.0,0,nvidia/NVIDIA-Nemotron-Labs-3-Puzzle-75B-A9B-NVFP4,p2
demonstrate,5,1.0,1.0,0,nvidia/NVIDIA-Nemotron-Labs-3-Puzzle-75B-A9B-NVFP4,p2
receiver,8,1.0,1.0,0,nvidia/NVIDIA-Nemotron-Labs-3-Puzzle-75B-A9B-NVFP4,p2
recession,5,1.0,1.0,0,nvidia/NVIDIA-Nemotron-Labs-3-Puzzle-75B-A9B-NVFP4,p2
depress,7,1.0,1.0,0,nvidia/NVIDIA-Nemotron-Labs-3-Puzzle-75B-A9B-NVFP4,p2
depressed,5,1.0,1.0,0,nvidia/NVIDIA-Nemotron-Labs-3-Puzzle-75B-A9B-NVFP4,p2
reproduction,7,1.0,1.0,0,nvidia/NVIDIA-Nemotron-Labs-3-Puzzle-75B-A9B-NVFP4,p2
refined,8,1.0,1.0,0,nvidia/NVIDIA-Nemotron-Labs-3-Puzzle-75B-A9B-NVFP4,p2
reinforcement,6,1.0,1.0,0,nvidia/NVIDIA-Nemotron-Labs-3-Puzzle-75B-A9B-NVFP4,p2
drawing,8,1.0,1.0,0,nvidia/NVIDIA-Nemotron-Labs-3-Puzzle-75B-A9B-NVFP4,p2
dive,7,1.0,1.0,0,nvidia/NVIDIA-Nemotron-Labs-3-Puzzle-75B-A9B-NVFP4,p2
discipline,5,1.0,1.0,0,nvidia/NVIDIA-Nemotron-Labs-3-Puzzle-75B-A9B-NVFP4,p2
disintegration,5,1.0,1.0,0,nvidia/NVIDIA-Nemotron-Labs-3-Puzzle-75B-A9B-NVFP4,p2
dim,8,1.0,1.0,0,nvidia/NVIDIA-Nemotron-Labs-3-Puzzle-75B-A9B-NVFP4,p2
contour,5,1.0,1.0,0,nvidia/NVIDIA-Nemotron-Labs-3-Puzzle-75B-A9B-NVFP4,p2
confirmation,6,1.0,1.0,0,nvidia/NVIDIA-Nemotron-Labs-3-Puzzle-75B-A9B-NVFP4,p2
condensation,7,1.0,1.0,0,nvidia/NVIDIA-Nemotron-Labs-3-Puzzle-75B-A9B-NVFP4,p2
compound,5,1.0,1.0,0,nvidia/NVIDIA-Nemotron-Labs-3-Puzzle-75B-A9B-NVFP4,p2
compressed,5,1.0,1.0,0,nvidia/NVIDIA-Nemotron-Labs-3-Puzzle-75B-A9B-NVFP4,p2
scoop,5,1.0,1.0,0,nvidia/NVIDIA-Nemotron-Labs-3-Puzzle-75B-A9B-NVFP4,p2
runner,8,1.0,1.0,0,nvidia/NVIDIA-Nemotron-Labs-3-Puzzle-75B-A9B-NVFP4,p2
sewer,5,1.0,1.0,0,nvidia/NVIDIA-Nemotron-Labs-3-Puzzle-75B-A9B-NVFP4,p2
shade,5,1.0,1.0,0,nvidia/NVIDIA-Nemotron-Labs-3-Puzzle-75B-A9B-NVFP4,p2
sector,5,1.0,1.0,0,nvidia/NVIDIA-Nemotron-Labs-3-Puzzle-75B-A9B-NVFP4,p2
separated,5,1.0,1.0,0,nvidia/NVIDIA-Nemotron-Labs-3-Puzzle-75B-A9B-NVFP4,p2
course,7,1.0,1.0,0,nvidia/NVIDIA-Nemotron-Labs-3-Puzzle-75B-A9B-NVFP4,p2
cram,6,1.0,1.0,0,nvidia/NVIDIA-Nemotron-Labs-3-Puzzle-75B-A9B-NVFP4,p2
core,9,1.0,1.0,0,nvidia/NVIDIA-Nemotron-Labs-3-Puzzle-75B-A9B-NVFP4,p2
enamel,6,1.0,1.0,0,nvidia/NVIDIA-Nemotron-Labs-3-Puzzle-75B-A9B-NVFP4,p2
endorse,6,1.0,1.0,0,nvidia/NVIDIA-Nemotron-Labs-3-Puzzle-75B-A9B-NVFP4,p2
endorsement,5,1.0,1.0,0,nvidia/NVIDIA-Nemotron-Labs-3-Puzzle-75B-A9B-NVFP4,p2
engagement,9,1.0,1.0,0,nvidia/NVIDIA-Nemotron-Labs-3-Puzzle-75B-A9B-NVFP4,p2
drive,15,1.0,1.0,0,nvidia/NVIDIA-Nemotron-Labs-3-Puzzle-75B-A9B-NVFP4,p2
drown,7,1.0,1.0,0,nvidia/NVIDIA-Nemotron-Labs-3-Puzzle-75B-A9B-NVFP4,p2
draft,13,1.0,1.0,0,nvidia/NVIDIA-Nemotron-Labs-3-Puzzle-75B-A9B-NVFP4,p2
exposition,6,1.0,1.0,0,nvidia/NVIDIA-Nemotron-Labs-3-Puzzle-75B-A9B-NVFP4,p2
escort,6,1.0,1.0,0,nvidia/NVIDIA-Nemotron-Labs-3-Puzzle-75B-A9B-NVFP4,p2
essential,5,1.0,1.0,0,nvidia/NVIDIA-Nemotron-Labs-3-Puzzle-75B-A9B-NVFP4,p2
elder,6,1.0,1.0,0,nvidia/NVIDIA-Nemotron-Labs-3-Puzzle-75B-A9B-NVFP4,p2
publication,6,1.0,1.0,0,nvidia/NVIDIA-Nemotron-Labs-3-Puzzle-75B-A9B-NVFP4,p2
purification,5,1.0,1.0,0,nvidia/NVIDIA-Nemotron-Labs-3-Puzzle-75B-A9B-NVFP4,p2
propagate,7,1.0,1.0,0,nvidia/NVIDIA-Nemotron-Labs-3-Puzzle-75B-A9B-NVFP4,p2
providence,5,1.0,1.0,0,nvidia/NVIDIA-Nemotron-Labs-3-Puzzle-75B-A9B-NVFP4,p2
pickup,14,1.0,1.0,0,nvidia/NVIDIA-Nemotron-Labs-3-Puzzle-75B-A9B-NVFP4,p2
ram,5,1.0,1.0,0,nvidia/NVIDIA-Nemotron-Labs-3-Puzzle-75B-A9B-NVFP4,p2
porter,5,1.0,1.0,0,nvidia/NVIDIA-Nemotron-Labs-3-Puzzle-75B-A9B-NVFP4,p2
pillar,5,1.0,1.0,0,nvidia/NVIDIA-Nemotron-Labs-3-Puzzle-75B-A9B-NVFP4,p2
pitch,14,1.0,1.0,0,nvidia/NVIDIA-Nemotron-Labs-3-Puzzle-75B-A9B-NVFP4,p2
plot,6,1.0,1.0,0,nvidia/NVIDIA-Nemotron-Labs-3-Puzzle-75B-A9B-NVFP4,p2
performance,5,1.0,1.0,0,nvidia/NVIDIA-Nemotron-Labs-3-Puzzle-75B-A9B-NVFP4,p2
fairness,6,1.0,1.0,0,nvidia/NVIDIA-Nemotron-Labs-3-Puzzle-75B-A9B-NVFP4,p2
prescription,5,1.0,1.0,0,nvidia/NVIDIA-Nemotron-Labs-3-Puzzle-75B-A9B-NVFP4,p2
preserve,9,1.0,1.0,0,nvidia/NVIDIA-Nemotron-Labs-3-Puzzle-75B-A9B-NVFP4,p2
pool,11,1.0,1.0,0,nvidia/NVIDIA-Nemotron-Labs-3-Puzzle-75B-A9B-NVFP4,p2
fault,10,1.0,1.0,0,nvidia/NVIDIA-Nemotron-Labs-3-Puzzle-75B-A9B-NVFP4,p2
extremity,9,1.0,1.0,0,nvidia/NVIDIA-Nemotron-Labs-3-Puzzle-75B-A9B-NVFP4,p2
compose,5,1.0,1.0,0,nvidia/NVIDIA-Nemotron-Labs-3-Puzzle-75B-A9B-NVFP4,p2
come_back,5,1.0,1.0,0,nvidia/NVIDIA-Nemotron-Labs-3-Puzzle-75B-A9B-NVFP4,p2
club,5,1.0,1.0,0,nvidia/NVIDIA-Nemotron-Labs-3-Puzzle-75B-A9B-NVFP4,p2
comment,5,1.0,1.0,0,nvidia/NVIDIA-Nemotron-Labs-3-Puzzle-75B-A9B-NVFP4,p2
sleeper,10,1.0,1.0,0,nvidia/NVIDIA-Nemotron-Labs-3-Puzzle-75B-A9B-NVFP4,p2
smear,5,1.0,1.0,0,nvidia/NVIDIA-Nemotron-Labs-3-Puzzle-75B-A9B-NVFP4,p2
conceive,5,1.0,1.0,0,nvidia/NVIDIA-Nemotron-Labs-3-Puzzle-75B-A9B-NVFP4,p2
spare,5,1.0,1.0,0,nvidia/NVIDIA-Nemotron-Labs-3-Puzzle-75B-A9B-NVFP4,p2
orientation,7,1.0,1.0,0,nvidia/NVIDIA-Nemotron-Labs-3-Puzzle-75B-A9B-NVFP4,p2
ounce,5,1.0,1.0,0,nvidia/NVIDIA-Nemotron-Labs-3-Puzzle-75B-A9B-NVFP4,p2
fix,9,1.0,1.0,0,nvidia/NVIDIA-Nemotron-Labs-3-Puzzle-75B-A9B-NVFP4,p2
fixation,5,1.0,1.0,0,nvidia/NVIDIA-Nemotron-Labs-3-Puzzle-75B-A9B-NVFP4,p2
flank,5,1.0,1.0,0,nvidia/NVIDIA-Nemotron-Labs-3-Puzzle-75B-A9B-NVFP4,p2
flat,6,1.0,1.0,0,nvidia/NVIDIA-Nemotron-Labs-3-Puzzle-75B-A9B-NVFP4,p2
flight,10,1.0,1.0,0,nvidia/NVIDIA-Nemotron-Labs-3-Puzzle-75B-A9B-NVFP4,p2
outlet,7,1.0,1.0,0,nvidia/NVIDIA-Nemotron-Labs-3-Puzzle-75B-A9B-NVFP4,p2
outside,12,1.0,1.0,0,nvidia/NVIDIA-Nemotron-Labs-3-Puzzle-75B-A9B-NVFP4,p2
ordinary,8,1.0,1.0,0,nvidia/NVIDIA-Nemotron-Labs-3-Puzzle-75B-A9B-NVFP4,p2
fold,9,1.0,1.0,0,nvidia/NVIDIA-Nemotron-Labs-3-Puzzle-75B-A9B-NVFP4,p2
pack,14,1.0,1.0,0,nvidia/NVIDIA-Nemotron-Labs-3-Puzzle-75B-A9B-NVFP4,p2
paddle,5,1.0,1.0,0,nvidia/NVIDIA-Nemotron-Labs-3-Puzzle-75B-A9B-NVFP4,p2
fork,6,1.0,1.0,0,nvidia/NVIDIA-Nemotron-Labs-3-Puzzle-75B-A9B-NVFP4,p2
formula,8,1.0,1.0,0,nvidia/NVIDIA-Nemotron-Labs-3-Puzzle-75B-A9B-NVFP4,p2
foul,9,1.0,1.0,0,nvidia/NVIDIA-Nemotron-Labs-3-Puzzle-75B-A9B-NVFP4,p2
frame,16,1.0,1.0,0,nvidia/NVIDIA-Nemotron-Labs-3-Puzzle-75B-A9B-NVFP4,p2
flush,9,1.0,1.0,0,nvidia/NVIDIA-Nemotron-Labs-3-Puzzle-75B-A9B-NVFP4,p2
challenge,6,1.0,1.0,0,nvidia/NVIDIA-Nemotron-Labs-3-Puzzle-75B-A9B-NVFP4,p2
character,9,1.0,1.0,0,nvidia/NVIDIA-Nemotron-Labs-3-Puzzle-75B-A9B-NVFP4,p2
cartridge,7,1.0,1.0,0,nvidia/NVIDIA-Nemotron-Labs-3-Puzzle-75B-A9B-NVFP4,p2
spill,5,1.0,1.0,0,nvidia/NVIDIA-Nemotron-Labs-3-Puzzle-75B-A9B-NVFP4,p2
specialization,5,1.0,1.0,0,nvidia/NVIDIA-Nemotron-Labs-3-Puzzle-75B-A9B-NVFP4,p2
certify,6,1.0,1.0,0,nvidia/NVIDIA-Nemotron-Labs-3-Puzzle-75B-A9B-NVFP4,p2
starter,9,1.0,1.0,0,nvidia/NVIDIA-Nemotron-Labs-3-Puzzle-75B-A9B-NVFP4,p2
spoil,9,1.0,1.0,0,nvidia/NVIDIA-Nemotron-Labs-3-Puzzle-75B-A9B-NVFP4,p2
spur,9,1.0,1.0,0,nvidia/NVIDIA-Nemotron-Labs-3-Puzzle-75B-A9B-NVFP4,p2
chill,9,1.0,1.0,0,nvidia/NVIDIA-Nemotron-Labs-3-Puzzle-75B-A9B-NVFP4,p2
circulation,5,1.0,1.0,0,nvidia/NVIDIA-Nemotron-Labs-3-Puzzle-75B-A9B-NVFP4,p2
get_on,7,1.0,1.0,0,nvidia/NVIDIA-Nemotron-Labs-3-Puzzle-75B-A9B-NVFP4,p2
fullness,5,1.0,1.0,0,nvidia/NVIDIA-Nemotron-Labs-3-Puzzle-75B-A9B-NVFP4,p2
multiplication,5,1.0,1.0,0,nvidia/NVIDIA-Nemotron-Labs-3-Puzzle-75B-A9B-NVFP4,p2
net,5,1.0,1.0,0,nvidia/NVIDIA-Nemotron-Labs-3-Puzzle-75B-A9B-NVFP4,p2
grace,11,1.0,1.0,0,nvidia/NVIDIA-Nemotron-Labs-3-Puzzle-75B-A9B-NVFP4,p2
offset,6,1.0,1.0,0,nvidia/NVIDIA-Nemotron-Labs-3-Puzzle-75B-A9B-NVFP4,p2
operation,13,1.0,1.0,0,nvidia/NVIDIA-Nemotron-Labs-3-Puzzle-75B-A9B-NVFP4,p2
nobility,6,1.0,1.0,0,nvidia/NVIDIA-Nemotron-Labs-3-Puzzle-75B-A9B-NVFP4,p2
noble,7,1.0,1.0,0,nvidia/NVIDIA-Nemotron-Labs-3-Puzzle-75B-A9B-NVFP4,p2
hearty,6,1.0,1.0,0,nvidia/NVIDIA-Nemotron-Labs-3-Puzzle-75B-A9B-NVFP4,p2
grow,6,1.0,1.0,0,nvidia/NVIDIA-Nemotron-Labs-3-Puzzle-75B-A9B-NVFP4,p2
growth,7,1.0,1.0,0,nvidia/NVIDIA-Nemotron-Labs-3-Puzzle-75B-A9B-NVFP4,p2
hail,5,1.0,1.0,0,nvidia/NVIDIA-Nemotron-Labs-3-Puzzle-75B-A9B-NVFP4,p2
go_off,9,1.0,1.0,0,nvidia/NVIDIA-Nemotron-Labs-3-Puzzle-75B-A9B-NVFP4,p2
tease,10,1.0,1.0,0,nvidia/NVIDIA-Nemotron-Labs-3-Puzzle-75B-A9B-NVFP4,p2
temporal,6,1.0,1.0,0,nvidia/NVIDIA-Nemotron-Labs-3-Puzzle-75B-A9B-NVFP4,p2
tenor,6,1.0,1.0,0,nvidia/NVIDIA-Nemotron-Labs-3-Puzzle-75B-A9B-NVFP4,p2
stride,5,1.0,1.0,0,nvidia/NVIDIA-Nemotron-Labs-3-Puzzle-75B-A9B-NVFP4,p2
strike_out,8,1.0,1.0,0,nvidia/NVIDIA-Nemotron-Labs-3-Puzzle-75B-A9B-NVFP4,p2
striker,7,1.0,1.0,0,nvidia/NVIDIA-Nemotron-Labs-3-Puzzle-75B-A9B-NVFP4,p2
stiffness,5,1.0,1.0,0,nvidia/NVIDIA-Nemotron-Labs-3-Puzzle-75B-A9B-NVFP4,p2
stop,11,1.0,1.0,0,nvidia/NVIDIA-Nemotron-Labs-3-Puzzle-75B-A9B-NVFP4,p2
submit,9,1.0,1.0,0,nvidia/NVIDIA-Nemotron-Labs-3-Puzzle-75B-A9B-NVFP4,p2
suite,5,1.0,1.0,0,nvidia/NVIDIA-Nemotron-Labs-3-Puzzle-75B-A9B-NVFP4,p2
stump,6,1.0,1.0,0,nvidia/NVIDIA-Nemotron-Labs-3-Puzzle-75B-A9B-NVFP4,p2
streak,6,1.0,1.0,0,nvidia/NVIDIA-Nemotron-Labs-3-Puzzle-75B-A9B-NVFP4,p2
cast,11,1.0,1.0,0,nvidia/NVIDIA-Nemotron-Labs-3-Puzzle-75B-A9B-NVFP4,p2
subject,11,1.0,1.0,0,nvidia/NVIDIA-Nemotron-Labs-3-Puzzle-75B-A9B-NVFP4,p2
submission,8,1.0,1.0,0,nvidia/NVIDIA-Nemotron-Labs-3-Puzzle-75B-A9B-NVFP4,p2
hook,13,1.0,1.0,0,nvidia/NVIDIA-Nemotron-Labs-3-Puzzle-75B-A9B-NVFP4,p2
hoop,6,1.0,1.0,0,nvidia/NVIDIA-Nemotron-Labs-3-Puzzle-75B-A9B-NVFP4,p2
hero,9,1.0,1.0,0,nvidia/NVIDIA-Nemotron-Labs-3-Puzzle-75B-A9B-NVFP4,p2
hitch,8,1.0,1.0,0,nvidia/NVIDIA-Nemotron-Labs-3-Puzzle-75B-A9B-NVFP4,p2
indicator,5,1.0,1.0,0,nvidia/NVIDIA-Nemotron-Labs-3-Puzzle-75B-A9B-NVFP4,p2
idol,6,1.0,1.0,0,nvidia/NVIDIA-Nemotron-Labs-3-Puzzle-75B-A9B-NVFP4,p2
illustration,5,1.0,1.0,0,nvidia/NVIDIA-Nemotron-Labs-3-Puzzle-75B-A9B-NVFP4,p2
impulse,6,1.0,1.0,0,nvidia/NVIDIA-Nemotron-Labs-3-Puzzle-75B-A9B-NVFP4,p2
housing,5,1.0,1.0,0,nvidia/NVIDIA-Nemotron-Labs-3-Puzzle-75B-A9B-NVFP4,p2
hunt,13,1.0,1.0,0,nvidia/NVIDIA-Nemotron-Labs-3-Puzzle-75B-A9B-NVFP4,p2
measure,13,1.0,1.0,0,nvidia/NVIDIA-Nemotron-Labs-3-Puzzle-75B-A9B-NVFP4,p2
medium,12,1.0,1.0,0,nvidia/NVIDIA-Nemotron-Labs-3-Puzzle-75B-A9B-NVFP4,p2
lot,7,1.0,1.0,0,nvidia/NVIDIA-Nemotron-Labs-3-Puzzle-75B-A9B-NVFP4,p2
mill,5,1.0,1.0,0,nvidia/NVIDIA-Nemotron-Labs-3-Puzzle-75B-A9B-NVFP4,p2
minor,7,1.0,1.0,0,nvidia/NVIDIA-Nemotron-Labs-3-Puzzle-75B-A9B-NVFP4,p2
material,8,1.0,1.0,0,nvidia/NVIDIA-Nemotron-Labs-3-Puzzle-75B-A9B-NVFP4,p2
bean,6,1.0,1.0,0,nvidia/NVIDIA-Nemotron-Labs-3-Puzzle-75B-A9B-NVFP4,p2
bearing,9,1.0,1.0,0,nvidia/NVIDIA-Nemotron-Labs-3-Puzzle-75B-A9B-NVFP4,p2
bid,8,1.0,1.0,0,nvidia/NVIDIA-Nemotron-Labs-3-Puzzle-75B-A9B-NVFP4,p2
boost,7,1.0,1.0,0,nvidia/NVIDIA-Nemotron-Labs-3-Puzzle-75B-A9B-NVFP4,p2
bound,13,1.0,1.0,0,nvidia/NVIDIA-Nemotron-Labs-3-Puzzle-75B-A9B-NVFP4,p2
bloom,6,1.0,1.0,0,nvidia/NVIDIA-Nemotron-Labs-3-Puzzle-75B-A9B-NVFP4,p2
suspension,10,1.0,1.0,0,nvidia/NVIDIA-Nemotron-Labs-3-Puzzle-75B-A9B-NVFP4,p2
break_in,6,1.0,1.0,0,nvidia/NVIDIA-Nemotron-Labs-3-Puzzle-75B-A9B-NVFP4,p2
syndicate,5,1.0,1.0,0,nvidia/NVIDIA-Nemotron-Labs-3-Puzzle-75B-A9B-NVFP4,p2
supplement,8,1.0,1.0,0,nvidia/NVIDIA-Nemotron-Labs-3-Puzzle-75B-A9B-NVFP4,p2
interpreter,6,1.0,1.0,0,nvidia/NVIDIA-Nemotron-Labs-3-Puzzle-75B-A9B-NVFP4,p2
indulgence,5,1.0,1.0,0,nvidia/NVIDIA-Nemotron-Labs-3-Puzzle-75B-A9B-NVFP4,p2
industry,5,1.0,1.0,0,nvidia/NVIDIA-Nemotron-Labs-3-Puzzle-75B-A9B-NVFP4,p2
meet,13,1.0,1.0,0,nvidia/NVIDIA-Nemotron-Labs-3-Puzzle-75B-A9B-NVFP4,p2
memorial,5,1.0,1.0,0,nvidia/NVIDIA-Nemotron-Labs-3-Puzzle-75B-A9B-NVFP4,p2
irregularity,5,1.0,1.0,0,nvidia/NVIDIA-Nemotron-Labs-3-Puzzle-75B-A9B-NVFP4,p2
jack,15,1.0,1.0,0,nvidia/NVIDIA-Nemotron-Labs-3-Puzzle-75B-A9B-NVFP4,p2
jam,8,1.0,1.0,0,nvidia/NVIDIA-Nemotron-Labs-3-Puzzle-75B-A9B-NVFP4,p2
installation,5,1.0,1.0,0,nvidia/NVIDIA-Nemotron-Labs-3-Puzzle-75B-A9B-NVFP4,p2
landing,7,1.0,1.0,0,nvidia/NVIDIA-Nemotron-Labs-3-Puzzle-75B-A9B-NVFP4,p2
last,8,1.0,1.0,0,nvidia/NVIDIA-Nemotron-Labs-3-Puzzle-75B-A9B-NVFP4,p2
lay,10,1.0,1.0,0,nvidia/NVIDIA-Nemotron-Labs-3-Puzzle-75B-A9B-NVFP4,p2
keep_up,7,1.0,1.0,0,nvidia/NVIDIA-Nemotron-Labs-3-Puzzle-75B-A9B-NVFP4,p2
kit,5,1.0,1.0,0,nvidia/NVIDIA-Nemotron-Labs-3-Puzzle-75B-A9B-NVFP4,p2
legitimate,5,1.0,1.0,0,nvidia/NVIDIA-Nemotron-Labs-3-Puzzle-75B-A9B-NVFP4,p2
Wilson,9,1.0,1.0,0,nvidia/NVIDIA-Nemotron-Labs-3-Puzzle-75B-A9B-NVFP4,p2
Jackson,8,1.0,1.0,0,nvidia/NVIDIA-Nemotron-Labs-3-Puzzle-75B-A9B-NVFP4,p2
whip,5,1.0,1.0,0,nvidia/NVIDIA-Nemotron-Labs-3-Puzzle-75B-A9B-NVFP4,p2
