accuracy,f1,precision,recall,f1_macro,TP,TN,FP,FN,roc_auc,model,mode,n_examples,threshold
0.5021335714994543,0.6679682329583058,0.5015902991750323,0.9995048524460289,0.336660563743229,10093,27,10029,5,0.7949010004265281,FacebookAI/roberta-large,zeroshot,20154,0.959087152870334
0.5576560484271113,0.6678836195656224,0.5353239773066587,0.8877005347593583,0.5028983638117752,8964,2275,7781,1134,0.6508806476955431,FacebookAI/roberta-large,finetuned,20154,
0.5,0.5192041605038409,0.5009667618083049,0.5388195682313329,0.49920102593386784,5441,4636,5420,4657,0.4993793717353547,FacebookAI/roberta-large,k-fold,20154,
0.512851046938573,0.67181441369167,0.5070642849934404,0.9951475539710833,0.3635246048442954,10049,287,9769,49,0.7488047327124963,google-bert/bert-base-multilingual-cased,zeroshot,20154,0.7807673556464059
0.6596705368661308,0.7331439909738163,0.6037808394745274,0.9330560507031095,0.6317551519401776,9422,3873,6183,676,0.7792632549070029,google-bert/bert-base-multilingual-cased,finetuned,20154,
0.5016870100228242,0.5170009137690569,0.5025712949976625,0.5322836205189146,0.5011855708993889,5375,4736,5320,4723,0.5035465928333517,google-bert/bert-base-multilingual-cased,k-fold,20154,
0.5010419767788032,0.6675702479338843,0.5010420801905519,0.9999009704892058,0.3338845473115435,10097,1,10055,1,0.6573446670520703,FacebookAI/xlm-roberta-large,zeroshot,20154,0.95331209897995
0.5844497370249082,0.665975351972241,0.5575292153589315,0.826797385620915,0.5581271574432916,8349,3430,6626,1749,0.659937396726086,FacebookAI/xlm-roberta-large,finetuned,20154,
0.49652674407065595,0.5209385770265804,0.4977894072002165,0.5463458110516934,0.4952159816695615,5517,4490,5566,4581,0.500146609172827,FacebookAI/xlm-roberta-large,k-fold,20154,
0.523320432668453,0.6752965829587319,0.5125968495048489,0.9893048128342246,0.3896024002378773,9990,557,9499,108,0.7694238763223038,google-bert/bert-large-uncased,zeroshot,20154,0.7634952992809062
0.6928153220204426,0.7402559261590098,0.6422071776952756,0.8736383442265795,0.6822144075644196,8822,5141,4915,1276,0.7834891492175409,google-bert/bert-large-uncased,finetuned,20154,
0.49920611293043565,0.5160857266145659,0.5002323636025653,0.5329768270944741,0.4985960482335078,5382,4679,5377,4716,0.5005314170138214,google-bert/bert-large-uncased,k-fold,20154,
0.5011412126624988,0.6676143877281142,0.5010918114143921,0.9999009704892058,0.3341054045996436,10097,3,10053,1,0.6766480604239156,microsoft/deberta-v3-large,zeroshot,20154,0.812751293182373
0.6761933115014389,0.7516742770167427,0.610369546409591,0.9781144781144782,0.6432309223692211,9877,3751,6305,221,0.8401462160485161,microsoft/deberta-v3-large,finetuned,20154,
0.5046640865336905,0.5279235825412588,0.5052040908679518,0.5527827292533175,0.5034586860047248,5582,4589,5467,4516,0.5061312571563986,microsoft/deberta-v3-large,k-fold,20154,
0.5012900664880421,0.6674166969987757,0.5011678179197933,0.9987126163596752,0.33549282356630566,10085,18,10038,13,0.6069726012838701,microsoft/mdeberta-v3-base,zeroshot,20154,0.7420052886009216
0.5967549866031557,0.708532080479145,0.5554118639302783,0.9782135076252724,0.5272237867184457,9878,2149,7907,220,0.791281528924259,microsoft/mdeberta-v3-base,finetuned,20154,
0.5015381561972809,0.55091640590076,0.5021186440677966,0.6102198455139631,0.495438133823387,6162,3946,6110,3936,0.5006031828809567,microsoft/mdeberta-v3-base,k-fold,20154,
